State Name,State Abbr [State] Latest available year,ANSI/FIPS State Code [State] Latest available year,Grade 12 Students - Two or More Races [State] 2024-25,Grade 12 Students - Two or More Races [State] 2023-24,Grade 12 Students - Two or More Races [State] 2022-23,Grade 12 Students - Two or More Races [State] 2021-22,Grade 12 Students - Two or More Races [State] 2020-21,Grade 12 Students - Two or More Races [State] 2019-20,Grade 12 Students - Nat. Hawaiian or Other Pacific Isl. [State] 2024-25,Grade 12 Students - Nat. Hawaiian or Other Pacific Isl. [State] 2023-24,Grade 12 Students - Nat. Hawaiian or Other Pacific Isl. [State] 2022-23,Grade 12 Students - Nat. Hawaiian or Other Pacific Isl. [State] 2021-22,Grade 12 Students - Nat. Hawaiian or Other Pacific Isl. [State] 2020-21,Grade 12 Students - Nat. Hawaiian or Other Pacific Isl. [State] 2019-20,Grade 12 Students - White [State] 2024-25,Grade 12 Students - White [State] 2023-24,Grade 12 Students - White [State] 2022-23,Grade 12 Students - White [State] 2021-22,Grade 12 Students - White [State] 2020-21,Grade 12 Students - White [State] 2019-20,Grade 12 Students - Black or African American [State] 2024-25,Grade 12 Students - Black or African American [State] 2023-24,Grade 12 Students - Black or African American [State] 2022-23,Grade 12 Students - Black or African American [State] 2021-22,Grade 12 Students - Black or African American [State] 2020-21,Grade 12 Students - Black or African American [State] 2019-20,Grade 12 Students - Hispanic [State] 2024-25,Grade 12 Students - Hispanic [State] 2023-24,Grade 12 Students - Hispanic [State] 2022-23,Grade 12 Students - Hispanic [State] 2021-22,Grade 12 Students - Hispanic [State] 2020-21,Grade 12 Students - Hispanic [State] 2019-20,Grade 12 Students - Asian or Asian/Pacific Islander [State] 2024-25,Grade 12 Students - Asian or Asian/Pacific Islander [State] 2023-24,Grade 12 Students - Asian or Asian/Pacific Islander [State] 2022-23,Grade 12 Students - Asian or Asian/Pacific Islander [State] 2021-22,Grade 12 Students - Asian or Asian/Pacific Islander [State] 2020-21,Grade 12 Students - Asian or Asian/Pacific Islander [State] 2019-20,Grade 12 Students - American Indian/Alaska Native [State] 2024-25,Grade 12 Students - American Indian/Alaska Native [State] 2023-24,Grade 12 Students - American Indian/Alaska Native [State] 2022-23,Grade 12 Students - American Indian/Alaska Native [State] 2021-22,Grade 12 Students - American Indian/Alaska Native [State] 2020-21,Grade 12 Students - American Indian/Alaska Native [State] 2019-20,Total Grade 12 - female [State] 2024-25,Total Grade 12 - female [State] 2023-24,Total Grade 12 - female [State] 2022-23,Total Grade 12 - female [State] 2021-22,Total Grade 12 - female [State] 2020-21,Total Grade 12 - female [State] 2019-20,Total Grade 12 - male [State] 2024-25,Total Grade 12 - male [State] 2023-24,Total Grade 12 - male [State] 2022-23,Total Grade 12 - male [State] 2021-22,Total Grade 12 - male [State] 2020-21,Total Grade 12 - male [State] 2019-20,Pupil/Teacher Ratio [State] 2024-25,Pupil/Teacher Ratio [State] 2023-24,Pupil/Teacher Ratio [State] 2022-23,Pupil/Teacher Ratio [State] 2021-22,Pupil/Teacher Ratio [State] 2020-21,Pupil/Teacher Ratio [State] 2019-20,Full-Time Equivalent (FTE) Teachers [State] 2024-25,Full-Time Equivalent (FTE) Teachers [State] 2023-24,Full-Time Equivalent (FTE) Teachers [State] 2022-23,Full-Time Equivalent (FTE) Teachers [State] 2021-22,Full-Time Equivalent (FTE) Teachers [State] 2020-21,Full-Time Equivalent (FTE) Teachers [State] 2019-20,Secondary Teachers [State] 2024-25,Secondary Teachers [State] 2023-24,Secondary Teachers [State] 2022-23,Secondary Teachers [State] 2021-22,Secondary Teachers [State] 2020-21,Secondary Teachers [State] 2019-20,Instruction Expenditures - Salaries (E11) [State Finance] 2021-22,Instruction Expenditures - Salaries (E11) [State Finance] 2020-21,Instruction Expenditures - Salaries (E11) [State Finance] 2019-20,Instruction Expenditures - Tuition (E14) [State Finance] 2021-22,Instruction Expenditures - Tuition (E14) [State Finance] 2020-21,Instruction Expenditures - Tuition (E14) [State Finance] 2019-20,Total Salary Expenditures (E11+TE21 +E3A11+E3B11) [State Finance] 2021-22,Total Salary Expenditures (E11+TE21 +E3A11+E3B11) [State Finance] 2020-21,Total Salary Expenditures (E11+TE21 +E3A11+E3B11) [State Finance] 2019-20
ALABAMA,AL ,01,1454,1302,1189,978,922,944,59,50,56,55,56,59,27402,27322,28037,28073,28568,28511,16483,15413,15240,15533,15804,16625,5791,4937,4360,4099,3879,3476,889,817,880,892,800,738,463,486,499,498,526,536,25909,24977,24774,24735,25116,25201,26632,25350,25487,25393,25439,25688,17.4,17.47,17.87,19.27,17.35,17.71,43161.23,42857.92,42021.62,38835.49,42335.96,42021.73,20126.62,20188.71,19046.64,17547.77,19414.51,19611.36,3062028343,2869797953,2794359094,3280189,2632116,3419476,4752537540,4370017116,4272420958
ALASKA,AK ,02,1220,1196,1132,1034,1001,1027,320,325,337,315,304,293,4610,4509,4424,4454,4503,4366,267,241,234,269,245,287,729,759,684,673,668,707,589,605,639,618,635,663,2248,2130,2131,2000,2066,2140,4710,4786,4628,4546,4587,4572,5273,4979,4953,4817,4835,4911,18.94,18.17,18.26,17.93,17.18,17.64,6858.27,7221.23,7160.48,7245.64,7558.21,7483.72,3438.89,3673.47,3484.14,3501.88,3613.96,3576.62,773120818,745838741,725390799,879494,1210339,910897,1195151063,1159832566,1130993855
ARIZONA,AZ ,04,3651,3268,2934,2625,2394,2804,351,366,379,377,299,261,32803,33036,33482,33632,34044,33418,5956,5876,5536,5443,5208,5105,49159,46918,45516,43506,41574,41630,2898,2750,2752,2852,2650,2489,4508,4558,4523,4632,4329,4238,49395,48202,47520,45745,44817,44103,49931,48570,47602,47322,45681,45842,17.85,22.69,22.84,22.18,22.43,23.56,61859.34,49260.47,49565.89,51093.38,49546.93,48911.78,20864.57,15996.72,15491.46,16022.43,15680.79,15246.68,4177469974,3945359867,3690820526,2902037,2922296,2915640,6638594723,6179135221,5775772244
ARKANSAS,AR ,05,1247,1135,1047,925,854,708,317,252,270,250,249,194,20646,19740,20231,20388,20925,21146,6369,5828,6056,6163,6432,6588,5495,4961,4626,4598,4531,4370,640,569,639,641,588,595,216,202,205,200,220,221,17268,16136,16467,16491,16560,16787,17662,16551,16607,16674,17239,17035,12.47,12.51,12.7,12.6,12.62,12.86,39397.74,38755.1,38814.62,38846.41,38542.66,38629.48,17300.3,16388.28,16001.82,15551.78,18159.57,18816.35,2154741543,2072793413,1989765192,17130940,16781451,18030022,3352872397,3206622639,3082363767
CALIFORNIA,CA ,06,22403,21909,‡,19983,18641,18351,2171,2143,‡,2342,2379,2416,99824,103234,‡,110095,113377,112786,24815,25701,‡,26425,26562,27579,275645,281718,‡,271368,265778,261971,60016,61019,‡,62181,62363,60833,2236,2296,‡,2501,2498,2628,233004,239756,‡,238724,237553,235288,254106,258264,‡,256171,254045,251276,21.67,21.77,21.86,22.01,22.47,22.67,267943.75,268194.63,267658.51,267758.5,269850.03,271805.2,91509.91,91540.17,91897.84,91149.76,89900.78,87079.49,33587954311,30949087272,30488297715,1067416311,1012554553,1058199707,53462583724,48989580430,48084167783
COLORADO,CO ,08,3491,3250,3095,2909,2793,2651,232,207,206,193,231,179,36368,36810,36104,37487,37709,37146,3474,3178,3176,3058,3189,3305,27786,26453,25742,25055,24634,24051,2350,2353,2403,2382,2465,2441,490,487,487,540,493,508,36240,35753,34924,35217,35261,34289,37951,36985,36289,36407,36253,35992,16.17,16.1,16.26,16.34,16.26,16.94,53489.28,53775.71,53552.5,53902.91,54318.97,53900.97,23795.36,24121.87,23917.18,24127.48,24156.33,23722.9,4246883398,3986295787,3921480150,92015845,91814182,87083533,6941628350,6503289681,6423133488
CONNECTICUT,CT ,09,1593,1486,1322,1240,1318,1103,44,32,41,40,41,39,20112,20582,21533,22138,22921,22834,5398,5249,4943,4980,5037,5052,12202,11124,10335,9695,9327,8775,2181,2034,2022,2063,2054,2100,93,101,88,94,113,89,19910,19462,19523,19433,19669,19458,21713,21146,20761,20817,21142,20534,11.82,11.89,11.67,12.23,11.96,12.36,43004.35,43104.24,44006.87,41685.78,42580.2,42385.85,15861.09,15778.56,15927.39,14978.66,15265.91,15363.44,4369291818,4171719825,4072311697,348756508,344903462,344895325,6354832899,6039027357,5889592852
DELAWARE,DE ,10,469,448,393,269,243,338,13,13,14,15,13,6,4309,4393,4314,4465,4598,4326,3373,2992,3075,2941,2833,2824,1987,1866,1702,1498,1601,1492,449,468,437,437,409,401,51,38,47,66,56,44,5312,5133,5040,4913,4913,4677,5339,5085,4942,4778,4840,4754,14.77,14.31,14.16,14.04,14.02,14.36,9626.65,9909.33,9991.22,9965.44,9849.93,9747,4845.61,4943.65,5030.41,4969.37,4926.96,4825,860633197,799713748,803767357,19815791,20361420,20186436,1331740137,1225221116,1223668586
DISTRICT OF COLUMBIA,DC ,11,99,86,83,60,52,56,1,1,1,3,4,9,416,362,398,370,333,336,3005,2604,2553,2558,2677,2775,973,831,744,629,677,723,67,57,58,51,77,65,5,6,5,5,16,5,2297,1986,2036,1920,1962,2002,2269,1961,1806,1756,1874,1967,10.95,11.13,11.3,11.36,11.71,12.13,8607.13,8335.22,8052.21,7828.4,7678.3,7409.22,3355.75,3013.1,3113.42,2869.73,2810.11,2712.49,863249094,799166062,761332860,50546592,60238495,61010119,1498720348,1400195429,1319854215
FLORIDA,FL ,12,7606,7040,6698,6562,6574,6134,402,399,359,343,261,251,74863,75293,74913,76329,76695,77048,46471,45702,43553,43310,43911,45140,81720,78224,73296,70587,69347,67272,6894,6662,6620,6496,6458,6296,473,506,447,560,627,667,107704,105356,101447,100704,99870,100169,110725,108470,104439,103483,104003,102639,18.34,18.44,18.31,17.72,17.3,17.22,155946.02,155799.65,156787.43,159865.9,161413.31,166002.1,62544.17,62687.11,62874.37,63998.05,64895.63,65871.9,10826569258,10289504342,10287381152,229798,611460,611460,17174954350,16140499404,16064915226
GEORGIA,GA ,13,4883,4449,4150,4047,3929,3711,119,133,146,131,111,146,45086,45361,46167,47578,48726,48663,44940,42158,41360,40790,41666,41381,22996,21220,19494,18694,18116,17377,6701,6144,6078,6039,5866,5463,248,227,245,243,203,234,62684,59935,59189,59403,60030,59261,62289,59757,58451,58119,58587,57714,14.06,14.15,14.43,14.53,14.65,15.02,124124.7,123640.1,121301.1,119831,118059.1,117836.9,48639.6,48676.9,47852.7,47753.5,46642.9,46322,9044803158,8293580527,8029858061,11164801,13777923,6230779,13632073180,12362643511,12030356492
HAWAII,HI ,15,2001,1765,1014,1019,1110,984,2615,2551,3227,3192,3160,3335,1082,1144,1237,1297,1314,1318,147,149,178,139,171,223,1973,1729,1060,1006,977,930,3630,3712,4228,4220,4423,4292,17,18,30,25,30,32,5538,5358,5344,5287,5408,5461,5927,5710,5630,5611,5777,5653,13.68,13.98,14.2,14.4,14.53,14.82,12215.45,12112.91,11983.69,12026.2,12145.4,12220.77,5750.25,5665.41,5613.5,5580.75,5615.2,5593.5,1074097360,1076210870,1060291766,4764384,4192700,3343135,1593205184,1601481173,1552131862
IDAHO,ID ,16,804,775,703,692,633,533,81,67,71,77,74,62,17989,17574,17522,17031,17131,16757,310,243,298,296,263,291,4784,4472,4419,4103,3922,3866,305,274,353,317,302,316,216,250,247,258,263,253,12049,11653,11545,11152,11025,10815,12440,12002,12068,11622,11563,11263,17.74,17.61,17.52,17.52,17.49,18.08,17787.13,17964.91,18120.62,17934.89,17582.26,17206.53,7828.48,7888.39,8425.46,8081.22,7664.48,7812.61,1198190125,1127408590,1060936489,1884571,1535351,1613795,1750126291,1630037775,1540684871
ILLINOIS,IL ,17,5344,4929,4779,4905,4617,4353,154,132,178,147,154,149,67561,67628,69959,73211,73911,73290,23195,21968,21908,22913,23299,22773,43734,41464,40707,40232,39186,37419,8597,8189,8354,8278,8225,7706,361,325,342,313,386,356,71903,70110,70499,72520,72575,71530,77043,74525,75728,77479,77203,74516,13.37,13.53,13.68,13.41,–,14.63,137811.86,136492.2,135363.07,139378.4,–,132814.8,42044.51,42065.71,41396,42157.8,–,40629.05,11875784772,11272238490,10991903302,353643656,360819459,364484788,17525532866,16561213441,16199740664
INDIANA,IN ,18,3987,3828,3684,3529,3352,3285,87,70,84,65,63,60,52257,51548,52146,53209,53214,52873,11924,10823,10566,10016,9614,9272,12628,11497,10822,10210,9328,8741,2480,2456,2205,2301,2091,1925,139,152,158,161,161,157,41658,40140,39868,39714,38526,37603,41844,40234,39797,39777,39297,38710,15.36,15.33,15.8,15.61,15.72,17.04,67717.85,67373.75,65596.59,66413.6,65758.31,61711.79,32554,32245.27,31423.14,32181.93,30923.47,29673.03,4333219926,4080268864,3951718198,15253061,13643953,10401710,6654532252,6234447963,6050842083
IOWA,IA ,19,1649,1595,1484,1410,1261,1187,168,189,173,124,99,89,28285,28358,28086,28188,28601,28397,2582,2334,2323,2305,2246,2211,5241,4940,4700,4301,4091,3971,959,944,987,993,990,1032,101,97,126,124,117,126,18845,18534,18438,18178,18110,17814,20140,19923,19441,19267,19295,19199,13.92,14.09,14.15,14.16,14.05,14.48,36216.91,36068.04,36138.08,36059.3,36048.38,35737.21,10639.4,10618.06,10668.21,10632.72,10590.97,10482.37,2786937712,2657111454,2608716245,36029111,33542093,32892253,4231252078,4030834071,3934209416
KANSAS,KS ,20,2103,1919,1854,1780,1721,1748,67,69,53,67,68,50,22772,22159,22156,22339,22624,22535,2359,2330,2320,2240,2344,2341,7671,7276,7076,6777,6513,6237,1157,1032,1008,1081,1072,1047,233,287,283,274,292,297,17665,17199,16955,16771,16891,16817,18697,17873,17795,17787,17743,17438,13.23,13.01,12.88,12.66,12.68,13.6,36410.58,37166.56,37885.25,38353.43,38007.33,36603.08,11105.52,17292.68,17629.25,17807.66,17612.65,17665.03,2646317092,2492450964,2398562149,4357563,4395555,3792879,4004468669,3755138740,3640306990
KENTUCKY,KY ,21,2066,1805,1686,1470,1413,1301,71,60,57,67,57,50,33954,33451,34026,34331,35588,36095,4885,4436,4590,4501,4670,4954,4331,3794,3364,2966,2904,2914,926,967,927,955,943,893,68,66,60,58,57,57,22717,21788,22081,22034,22480,22624,23584,22791,22629,22314,23152,23640,15.37,15.3,15.34,15.08,15.52,16.39,42762.44,42971.55,43022.55,43379.9,42458.13,42222.99,10078.59,10230.37,10242.05,10292.42,10013.86,10034.58,3048994347,2829184786,2780668672,996699,856149,3218447,4740518390,4358329061,4315972182
LOUISIANA,LA ,22,1344,1190,1088,889,833,755,45,41,25,33,38,41,20641,20352,21276,20324,20967,21047,20175,19560,20160,18537,18619,19235,4316,3828,3727,2963,2769,2670,917,888,922,909,852,879,279,288,306,297,303,298,24037,23198,23879,22267,22256,22675,23680,22949,23625,21685,22125,22250,13.71,14.49,17.47,17.62,18.07,18.41,48636.51,48863.89,41110.05,38773.47,38368.88,38588.98,12774.94,13308.75,13370.26,12373.55,12353.16,12338.71,3104277604,2816372074,2903195871,58424972,57133163,56290551,4871414133,4479810914,4526694482
MAINE,ME ,23,451,407,319,335,266,247,16,8,11,16,5,17,10938,11715,11983,12269,12255,12191,758,708,605,615,531,541,497,461,400,354,323,314,220,221,255,244,248,262,92,85,141,106,112,106,6237,6532,6607,6580,6601,6581,6735,7073,7107,7359,7139,7097,11.03,11.29,11.44,11.23,11.39,12.16,15162.42,15288.1,15192.39,15417.56,15142.94,14826.48,4472.83,4504.44,4466.93,4512.4,4466.26,4468.88,1183135592,1121333945,1081673976,94977518,92230077,93042540,1802369702,1696614149,1627210566
MARYLAND,MD ,24,2861,2759,2594,2581,2665,2434,103,97,98,65,82,76,21822,21911,22574,23619,24149,24317,20969,20002,20032,20131,20416,20180,13060,11215,10831,9771,9696,9620,4809,4647,4694,4568,4638,4373,152,140,146,107,140,154,31377,30046,30346,30408,30718,30383,32399,30725,30623,30434,31068,30771,14.14,14.18,14.3,14.12,14.17,14.79,63070.83,62754.24,62236.47,62442.65,62276.32,61484.58,25862.91,25916.71,25525.05,25526.05,25263.93,24626.28,6360043768,5889845349,5741218513,279865471,293600361,291044378,9337748442,8629501852,8470911565
MASSACHUSETTS,MA ,25,2603,2406,2424,2420,2191,2006,67,48,61,67,52,61,38029,38674,40887,42921,44296,44599,7334,6530,6699,6742,6663,6543,17163,15736,15107,14607,13586,12737,5291,4928,4883,5014,4994,4786,166,143,171,179,169,144,34564,33599,34297,35244,35438,35006,36089,34866,35935,36706,36513,35870,11.86,11.79,12,12.07,12.27,12.77,77220.85,77630.27,76977.64,76328.75,75146.72,75152.19,24560.86,24496.69,24133.91,23925.62,23370.6,26465.64,7965977649,7541799880,7381786435,939330929,939853678,939789576,11813532803,11193973706,10927357853
MICHIGAN,MI ,26,4753,4535,4082,4105,3687,3430,100,102,76,115,114,101,74015,73709,74743,78562,78711,79650,17407,16441,16914,17511,17385,17352,10172,9330,9483,8922,8523,8022,4230,4124,4153,4262,4186,4177,721,678,696,678,683,745,55230,54717,55063,56788,56357,56600,56168,54202,55084,57367,56932,56877,16.47,16.58,16.7,16.7,17.01,17.63,86462.42,86021.53,85879.91,86257.71,84317.37,84837.94,36804.48,36492.27,36272.61,36617.09,32627.35,32820.92,5832450315,5460378660,5456347725,264857,254296,231593,9100812821,8425352746,8376818255
MINNESOTA,MN ,27,4391,3920,3700,3569,3008,2539,70,63,74,56,71,59,46426,46558,46779,47958,48346,47644,9672,8907,8773,9031,8683,8490,9254,8505,7737,7621,6936,6527,5179,4863,4892,4778,4866,4893,1323,1291,1246,1237,1247,1150,37165,35847,35785,36165,35578,34380,39150,38260,37416,38085,37579,36922,14.96,14.7,15.5,15.64,15.99,16.06,58560.29,59181.41,56123.8,55662.07,54535.32,55630.45,23505.98,23686.9,21740.62,21457.45,20191.39,22887.56,5678230642,5432963955,5302828669,105628847,96933035,98599101,7735582881,7334670034,7164118124
MISSISSIPPI,MS ,28,1381,783,714,580,416,338,20,12,11,19,19,15,12239,11974,12532,12871,12931,13102,14502,13540,13425,13396,13608,14118,1860,1284,1191,1142,1065,895,379,383,369,369,378,350,71,81,75,79,88,77,15293,14260,14319,14442,14433,14883,15159,13797,13998,14014,14072,14012,13.48,12.96,13.04,13.95,14.06,14.76,32037.45,33694.44,33767.64,31685.93,31479.63,31578.21,13367.23,14004.81,14026.09,13689.15,13379.73,13094.92,1830337928,1766181317,1761415288,10844674,10609434,11839992,2776020312,2654144427,2651822785
MISSOURI,MO ,29,3264,2795,2754,2416,2211,1942,235,255,209,206,175,171,46026,45622,45370,46095,46367,46114,10059,9554,8963,9197,9558,9415,5746,5151,4869,4433,4284,3977,1584,1518,1496,1474,1463,1437,254,254,286,291,230,267,33037,31800,31350,31383,31433,30894,34131,33349,32597,32729,32855,32429,12.63,12.77,12.78,12.78,12.8,13.17,70411.08,69785.52,69837.57,69568.94,68923.84,69144.54,33913.02,33728.51,34008.67,33848.11,33475.11,33268.16,4314927581,4160146586,4048820736,7845219,4532816,926331,6770743678,6452856069,6314986130
MONTANA,MT ,30,440,416,355,285,289,306,20,29,18,27,18,17,8071,8248,7944,8083,7879,7803,79,84,79,113,91,85,606,583,569,466,445,439,87,93,113,111,96,103,948,933,988,992,975,923,4964,5008,4982,4967,4786,4779,5287,5378,5084,5110,5007,4897,13.72,13.79,13.66,13.6,13.37,14.04,10725.63,10828.28,11035.53,11041.84,10941.68,10675.42,3218.92,3240.32,3280.36,3244.91,3229.97,3126.53,784194765,752940928,710526834,1149575,1210027,1444559,1165963214,1119399042,1061384630
NEBRASKA,NE ,31,1022,979,1005,951,896,850,46,45,44,33,35,38,15389,15884,16511,16788,16633,16575,1837,1848,1860,1752,1773,1674,5691,5564,5189,5042,4822,4777,693,722,722,703,670,700,323,341,317,327,343,310,11737,12221,12227,12268,11987,11995,13264,13162,13421,13328,13185,12929,13.66,13.69,13.77,13.52,13.56,13.73,24201.04,24052.26,23910.92,24229.69,23943.47,24028.25,8568.21,8584.04,8482.59,8534.93,8444.48,8471.79,1872698070,1807813738,1746623247,5144036,120182,443845,2660536219,2568486801,2487441526
NEVADA,NV ,32,2611,2387,2207,2103,2054,1934,650,589,570,571,529,530,10215,10175,10276,10581,10874,10980,4359,4033,3950,3795,3835,3596,17603,16329,15736,15259,14851,14498,2404,2334,2351,2344,2392,2376,268,299,250,290,282,277,18698,17749,17389,17191,17012,16645,19412,18397,17951,17752,17805,17546,19.52,21.28,20.98,–,20.31,19.48,24464.9,22532.96,23076.46,–,23746,25508.5,10143.58,8689.34,8807.63,–,10252,9926,1996369057,1836424953,1793178629,3616410,4214772,4031400,3047053292,2802946384,2744644109
NEW HAMPSHIRE,NH ,33,523,498,455,405,373,317,12,7,11,17,15,12,10652,10847,10919,11409,11472,11666,251,280,268,282,316,294,940,776,714,611,651,602,454,440,473,477,485,451,27,26,39,30,35,39,6216,6259,6290,6481,6441,6492,6643,6615,6589,6750,6906,6889,11.37,11.49,11.47,11.62,11.42,12.07,14438.3,14494.4,14731.4,14626.2,14799.9,14694.5,4355.1,4737,4364.7,4388.5,4559.2,4878.9,1193367877,1163015697,1141871378,176850381,174107639,172528650,1684084489,1633329698,1602944635
NEW JERSEY,NJ ,34,2495,2339,1994,1740,1556,1287,210,328,201,211,225,214,43524,44596,43028,45260,46730,47082,15871,14568,13289,13400,14170,13813,35962,32638,29197,27934,26422,24841,11399,11082,10565,10629,10611,10152,161,164,122,114,109,106,52661,50682,48630,49099,49366,48105,56961,55033,49766,50189,50457,49390,11.84,11.8,11.76,11.72,11.79,12.06,117867.76,118031.4,117661.34,117126.8,116530.03,117059.8,36647.16,36763.17,36804.18,36995.81,36723.24,37579.3,10714514090,10126087844,10063819356,814954537,853066282,865282075,16574650527,15539542761,15548857712
NEW MEXICO,NM ,35,613,446,435,412,414,389,25,35,29,24,29,25,4684,4792,4720,4807,4917,5032,406,392,372,382,378,443,14488,13283,13393,13345,13562,13198,303,315,298,301,329,305,2512,2503,2367,2439,2339,2292,11248,11013,10952,10948,11160,10893,11783,10753,10662,10762,10808,10791,12.39,14.43,14.6,14.75,14.68,15.16,24781.09,21595.7,21571.55,21475.09,21576.65,21849.97,10137.56,8407.77,8401.03,8382.28,8303.01,8290.64,1536826063,1442754434,1431186103,326765,975491,0,2372259097,2208651397,2209194678
NEW YORK,NY ,36,5450,4796,4739,4185,3760,3295,472,551,469,489,510,487,77266,79027,80697,85181,88347,88820,30646,29411,29810,30632,31366,32199,56328,52799,50317,48596,48581,47469,20101,19009,18707,18945,18827,18645,1232,1256,1296,1431,1338,1184,93460,91189,90640,92795,94660,94976,98035,95660,95395,96664,98069,97123,11.57,11.65,11.74,11.85,12.21,12.39,218423.93,217521.63,215761,215092.2,213537.44,217398.4,99612.96,99107.6,98812.81,98285.94,95932.49,99072.07,27540966016,25947640292,26040438496,3016368083,2924850034,2926145559,35675898946,33644297244,33786209638
NORTH CAROLINA,NC ,37,5281,4893,4516,4269,4477,4733,146,143,131,103,114,136,50333,49831,50939,49774,54727,54103,25798,24481,24009,22346,25078,25461,22462,20170,18805,16091,17236,16574,4508,4211,3818,3578,3699,3531,1029,927,951,1007,1107,1125,54219,52310,51484,48510,53290,52867,55338,52346,51685,48658,53148,52796,15.99,15.29,15.42,14.95,14.98,15.48,97256.77,100994.13,99979.81,102033.6,101057.02,100776.9,32945.38,29534.62,29224.74,29487.66,29074.93,29056.69,7654237695,6594875216,6475312158,0,0,0,10969331738,9434588601,9344378307
NORTH DAKOTA,ND ,38,339,265,245,231,198,144,19,13,20,20,17,21,6215,6151,6013,5975,6045,5837,452,428,389,364,366,402,539,476,421,419,374,347,126,104,125,129,129,154,677,615,627,586,565,601,4082,3872,3760,3848,3734,3703,4285,4180,4080,3876,3960,3803,11.51,12.35,12.37,12.26,12.14,12.52,10410.87,9639.1,9581.08,9530.63,9472.82,9283.6,3310.54,3169.53,3117.17,3122.15,3118.07,3076.07,731383921,712519332,670898825,805930,570429,586621,1066527646,1033892401,981704585
OHIO,OH ,39,6772,6258,6011,6047,5323,5375,120,123,118,137,99,95,92023,92172,92949,95348,84509,85024,18770,19166,18830,19007,18064,17806,9162,8621,7940,7344,6255,5932,3667,3465,3567,3354,3163,3131,202,169,163,181,154,154,63974,63671,63501,64303,58158,58747,66742,66303,66077,67115,59409,58770,16.6,16.64,16.42,16.93,16.27,15.94,100362.85,100659.1,102322.67,99442.04,101147.65,105997.9,47034.85,47448.88,48026.12,46495.24,47211.75,48889.43,9352907246,8813343919,8624909409,306004374,500707459,481120872,14061740579,13131525691,12939161868
OKLAHOMA,OK ,40,6063,5370,4853,4648,4327,3571,170,179,154,140,145,122,22424,21854,21974,22032,22580,22361,3917,3787,3613,3853,3793,3929,10311,9239,8321,8347,7778,7162,1220,1076,1012,1134,991,977,5238,5342,5288,5526,5788,6157,24302,23277,22316,22408,22460,21997,25041,23570,22899,23272,22942,22282,16.2,16.34,16.65,16.21,16.1,16.25,43050.01,42751.11,42124.4,43090,43110.11,43315.18,19497.63,19367.41,18986.8,19379.52,18922.17,18902.44,2770266038,2717194243,2629816376,705451,697143,796341,4166906668,4042622419,3902431763
OREGON,OR ,41,3185,3020,2914,2990,2901,2629,372,397,398,375,336,331,26483,26405,26368,27681,27830,28305,1246,1142,1164,1148,1234,1235,12575,12081,11500,11166,10907,10783,2052,2049,1901,2028,1953,2002,581,575,601,602,583,619,22061,21857,21350,22047,21876,21901,24433,23812,23496,23943,23868,24003,17.42,17.61,17.87,17.48,18.22,20.2,31293.85,31082.71,30906.33,31628.81,30785.93,30237.56,9504.72,9464.94,9334.04,9435.85,9105.64,8957.23,2805726771,2532799649,2457457805,23925495,23140694,24440155,4452530091,3957934772,3822229941
PENNSYLVANIA,PA ,42,5946,5518,4755,4276,3784,3377,151,132,103,113,117,112,86688,87030,87025,90080,91184,90702,19225,18532,18579,18333,18261,17970,19395,17338,16296,15371,14473,13783,6418,6054,5818,5814,5587,5362,255,218,218,209,216,217,66427,65099,64300,65216,65270,63967,71651,69723,68494,68980,68352,67556,13.05,13.07,13.33,13.42,13.63,13.94,129658.28,129545.28,127037.02,126344.5,125028.25,124293.9,55707.05,54858.22,53655.74,54104.32,53363.09,52939.65,10741875289,10315137065,10146621506,425004472,399853792,422014331,15325223443,14622721337,14440405391
RHODE ISLAND,RI ,44,587,421,422,432,380,370,15,15,11,25,13,16,5816,5879,6024,6304,6471,6461,1122,1007,1047,1047,1016,976,3395,3065,2935,2985,2888,2683,348,330,310,349,319,353,77,72,75,97,73,87,5348,5131,5264,5351,5384,5181,6012,5658,5560,5888,5776,5765,12.88,12.68,12.74,12.86,13.05,13.41,10557,10735,10785.53,10774.3,10669.04,10703.64,3551,3567,3577.45,3584.81,3534.87,3578.79,1014519976,966085570,960788567,77462529,74047788,81611038,1536704502,1455654803,1436813471
SOUTH CAROLINA,SC ,45,2545,2374,2043,1998,1794,1717,68,55,66,77,66,56,27373,27078,26507,26692,27368,26865,16661,15414,15053,14692,15163,15643,7256,6346,5614,5036,4756,4269,1120,1038,1030,1008,938,944,147,134,153,162,141,132,27616,26639,25597,24849,25346,24965,27554,25800,24869,24816,24880,24661,13.76,13.87,14.11,14.07,14.28,14.69,57885.52,57242.82,55946.58,55488.77,53702.97,53556,17395.12,17160.97,16806.6,16673.3,16290.73,15652,3533624619,3354485602,3198816923,42718,284263,226420,5553948085,5249601347,5034255918
SOUTH DAKOTA,SD ,46,470,443,372,346,248,238,15,14,13,6,7,8,7589,7350,7206,7302,7039,6998,318,294,257,269,280,249,775,634,606,495,454,430,174,164,157,154,172,171,734,679,632,692,612,606,4825,4681,4424,4509,4318,4328,5250,4897,4819,4755,4494,4372,13.79,13.71,13.83,13.83,13.93,14.09,10226.78,10315.3,10261.46,10216.25,10020.18,9929.61,2630.25,2639.06,2605.41,2583.77,2522.01,2470.23,642029396,617322796,586088180,13521318,14078247,13863105,957273632,912161848,865576413
TENNESSEE,TN ,47,2839,2525,2335,1953,1890,1465,81,73,72,70,80,80,42218,42187,42681,43501,43744,44104,15339,14831,14387,14239,14587,14845,11000,9567,8736,7437,6699,6339,1607,1621,1545,1577,1523,1433,135,117,118,114,107,122,36090,34786,34472,33907,33837,33658,37129,36135,35402,34984,34793,34730,–,15.13,15.3,15.39,15.24,15.66,–,66416.76,65780.77,64747.23,64667.05,64784.2,–,19772.02,19695.14,19236.5,19108.78,18947.4,4380009005,4225689860,4055707393,0,0,0,6542093592,6235811030,6009713326
TEXAS,TX ,48,10470,9416,9022,8500,7971,7195,611,583,554,553,565,558,102083,100169,102205,102841,105179,104539,48834,45347,44856,44049,44667,43595,204559,191580,189672,186352,186849,180170,21316,19857,19279,18933,18354,17297,1200,1149,1130,1128,1215,1192,191892,182456,181446,180349,181419,175988,197181,185645,185272,182007,183381,178558,14.94,14.69,14.78,14.63,14.49,15.08,371143.54,376581.91,373332.35,371002.3,370718.5,364478.4,160663.92,165814.71,164883.51,164213.1,162631.37,159154.3,27656228335,26238573126,25152105810,86424797,86392652,84468170,42031747957,39456721061,38027739276
UTAH,UT ,49,1810,1744,1450,1397,1335,1190,782,742,842,822,825,777,38320,37702,36928,36982,37114,35778,752,708,718,739,759,783,10627,9702,9509,9145,8750,8230,845,891,912,925,957,908,500,459,445,513,552,479,25711,25069,24722,24787,24507,23514,27925,26879,26082,25736,25785,24631,21.59,20.57,22.2,22.39,–,22.63,31704.66,33536.73,31163.98,30860.44,–,30255.81,13721.28,15661.73,13613.22,13555.6,–,12867.35,2527747144,2405526777,2216388745,1782195,1611191,217999,3746489677,3555649472,3278888270
VERMONT,VT ,50,208,200,187,162,143,103,7,5,9,7,11,8,4991,4743,4997,5112,5275,5180,176,157,163,155,134,156,185,140,138,165,109,144,125,118,139,149,168,146,12,14,20,23,24,21,2671,2534,2613,2650,2740,2757,3033,2843,3040,3123,3124,3001,10.33,10.36,10.54,10.54,10.31,10.79,7881.66,7962.11,7933.86,7965.36,7989.43,8042.2,2446.33,2518.46,2483.19,2462.7,2555.06,2637.89,680329854,646346476,652218804,104594261,105960577,111168625,1071356483,1004623476,1002107619
VIRGINIA,VA ,51,5751,5478,5213,5058,4825,4591,148,168,161,162,187,149,44011,44172,45254,46866,47470,47592,20261,19774,19652,19534,20114,19982,18651,16936,16100,14937,14218,14137,8100,7832,7682,7723,7384,7262,251,235,246,195,229,249,46985,46221,45871,46097,46265,45869,50188,48374,48437,48378,48162,48093,13.33,13.39,13.6,14.38,14.38,14.88,94345.41,94034.91,92651,86917,87049.37,87146.89,51210.94,51596.08,49919.25,49523,49396.84,49894.74,7328210913,6859089465,6813334766,3976200,3433362,4935110,11244077701,10383105484,10345133041
WASHINGTON,WA ,53,7613,7201,6765,6889,6715,6431,1341,1193,1205,1166,1077,1008,45446,44916,45130,47109,49001,49844,4834,4519,4304,4475,4280,4381,25315,23900,22348,21959,20847,20161,8026,7621,7612,7648,7403,7255,1096,1037,1012,1059,1151,1179,44897,43455,42581,43691,43840,43855,48774,46932,45795,46614,46634,46404,17.86,17.49,17.23,17.99,17.59,18.36,61268.53,62551.8,63271.68,60147.42,61810.07,62212.47,26534.38,26872.45,27086.41,26796.1,25698.17,25307.79,7050764399,6537695969,6405869913,13583352,12983782,16465717,11135971944,10211690248,10098693746
WEST VIRGINIA,WV ,54,680,501,516,472,425,356,9,11,8,8,9,9,15349,14893,15629,15910,15922,16112,778,689,735,721,778,780,462,404,430,347,318,301,159,129,154,116,134,151,13,23,17,21,19,18,8505,8076,8461,8625,8662,8655,8945,8574,9028,8970,8943,9072,13.4,13.21,13.46,13.5,13.63,13.98,18076.83,18688.06,18669.66,18723.58,18629.99,18853.7,8590.47,8988.92,8974.08,9016.4,8953.87,8981.06,1213067313,1172685118,1175303894,8787806,16176451,6140321,1905818383,1838475406,1832430428
WISCONSIN,WI ,55,3045,2698,2542,2487,2215,2064,44,63,52,50,44,38,45836,45070,46459,47839,47383,47634,5537,5023,5108,5220,5161,5399,9238,8878,8424,7905,7685,7276,2707,2619,2601,2642,2511,2483,690,700,738,715,710,756,32416,31404,31938,32314,31796,31778,34681,33647,33986,34544,33913,33872,13.59,13.66,13.71,13.75,13.81,14.3,59308.13,59623.02,60011.17,60337.39,60091.66,59801.12,29388.19,29430.52,29767.76,30017.63,29571.02,29345.41,4270293441,4162663986,4093554548,282775876,277463423,253638484,6340533550,6112012136,5988392945
WYOMING,WY ,56,221,182,183,176,194,138,9,8,7,7,14,10,5341,5302,5170,5168,5157,5083,53,55,58,65,56,55,1052,982,1002,887,895,853,64,60,66,67,66,68,158,152,172,183,160,187,3307,3295,3338,3163,3136,3140,3591,3446,3320,3390,3406,3254,12.11,12.22,12.65,12.74,12.33,12.8,7426.8,7451.54,7312.03,7307.74,7521.73,7391.19,3516.66,3512.34,3449.84,3470.76,3559.33,3467.01,611159875,606514276,585848590,2106483,2582540,3245809,944530924,929716339,896122363
