State,Total_SAT_Takers,Total_Participation_Rate,Mean_Total_Score,Mean_ERW_Score,Mean_Math_Score,Race_Asian_N,Race_Asian_Pct,Race_Asian_Mean_Tot,Race_Asian_Mean_ERW,Race_Asian_Mean_Math,Race_Asian_Met_Both,Race_Asian_Met_ERW,Race_Asian_Met_Math,Race_Black_N,Race_Black_Pct,Race_Black_Mean_Tot,Race_Black_Mean_ERW,Race_Black_Mean_Math,Race_Black_Met_Both,Race_Black_Met_ERW,Race_Black_Met_Math,Race_Hispanic_N,Race_Hispanic_Pct,Race_Hispanic_Mean_Tot,Race_Hispanic_Mean_ERW,Race_Hispanic_Mean_Math,Race_Hispanic_Met_Both,Race_Hispanic_Met_ERW,Race_Hispanic_Met_Math,Race_White_N,Race_White_Pct,Race_White_Mean_Tot,Race_White_Mean_ERW,Race_White_Mean_Math,Race_White_Met_Both,Race_White_Met_ERW,Race_White_Met_Math,Race_Multi_N,Race_Multi_Pct,Race_Multi_Mean_Tot,Race_Multi_Mean_ERW,Race_Multi_Mean_Math,Race_Multi_Met_Both,Race_Multi_Met_ERW,Race_Multi_Met_Math,Race_NoResp_N,Race_NoResp_Pct,Race_NoResp_Mean_Tot,Race_NoResp_Mean_ERW,Race_NoResp_Mean_Math,Race_NoResp_Met_Both,Race_NoResp_Met_ERW,Race_NoResp_Met_Math,Gen_Female_N,Gen_Female_Pct,Gen_Female_Mean_Tot,Gen_Female_Mean_ERW,Gen_Female_Mean_Math,Gen_Female_Met_Both,Gen_Female_Met_ERW,Gen_Female_Met_Math,Gen_Male_N,Gen_Male_Pct,Gen_Male_Mean_Tot,Gen_Male_Mean_ERW,Gen_Male_Mean_Math,Gen_Male_Met_Both,Gen_Male_Met_ERW,Gen_Male_Met_Math,Gen_NoResp_N,Gen_NoResp_Pct,Gen_NoResp_Mean_Tot,Gen_NoResp_Mean_ERW,Gen_NoResp_Mean_Math,Gen_NoResp_Met_Both,Gen_NoResp_Met_ERW,Gen_NoResp_Met_Math,Edu_NoHS_N,Edu_NoHS_Pct,Edu_NoHS_Mean_Tot,Edu_NoHS_Mean_ERW,Edu_NoHS_Mean_Math,Edu_NoHS_Met_Both,Edu_NoHS_Met_ERW,Edu_NoHS_Met_Math,Edu_HS_N,Edu_HS_Pct,Edu_HS_Mean_Tot,Edu_HS_Mean_ERW,Edu_HS_Mean_Math,Edu_HS_Met_Both,Edu_HS_Met_ERW,Edu_HS_Met_Math,Edu_Assoc_N,Edu_Assoc_Pct,Edu_Assoc_Mean_Tot,Edu_Assoc_Mean_ERW,Edu_Assoc_Mean_Math,Edu_Assoc_Met_Both,Edu_Assoc_Met_ERW,Edu_Assoc_Met_Math,Edu_Bach_N,Edu_Bach_Pct,Edu_Bach_Mean_Tot,Edu_Bach_Mean_ERW,Edu_Bach_Mean_Math,Edu_Bach_Met_Both,Edu_Bach_Met_ERW,Edu_Bach_Met_Math,Edu_Grad_N,Edu_Grad_Pct,Edu_Grad_Mean_Tot,Edu_Grad_Mean_ERW,Edu_Grad_Mean_Math,Edu_Grad_Met_Both,Edu_Grad_Met_ERW,Edu_Grad_Met_Math,Edu_NoResp_N,Edu_NoResp_Pct,Edu_NoResp_Mean_Tot,Edu_NoResp_Mean_ERW,Edu_NoResp_Mean_Math,Edu_NoResp_Met_Both,Edu_NoResp_Met_ERW,Edu_NoResp_Met_Math,Loc_City_N,Loc_City_Pct,Loc_City_Mean_Tot,Loc_City_Mean_ERW,Loc_City_Mean_Math,Loc_City_Met_Both,Loc_City_Met_ERW,Loc_City_Met_Math,Loc_Suburb_N,Loc_Suburb_Pct,Loc_Suburb_Mean_Tot,Loc_Suburb_Mean_ERW,Loc_Suburb_Mean_Math,Loc_Suburb_Met_Both,Loc_Suburb_Met_ERW,Loc_Suburb_Met_Math,Loc_TownRural_N,Loc_TownRural_Pct,Loc_TownRural_Mean_Tot,Loc_TownRural_Mean_ERW,Loc_TownRural_Mean_Math,Loc_TownRural_Met_Both,Loc_TownRural_Met_ERW,Loc_TownRural_Met_Math,Loc_Unknown_N,Loc_Unknown_Pct,Loc_Unknown_Mean_Tot,Loc_Unknown_Mean_ERW,Loc_Unknown_Mean_Math,Loc_Unknown_Met_Both,Loc_Unknown_Met_ERW,Loc_Unknown_Met_Math,Inc_Lowest_N,Inc_Lowest_Pct,Inc_Lowest_Mean_Tot,Inc_Lowest_Mean_ERW,Inc_Lowest_Mean_Math,Inc_Lowest_Met_Both,Inc_Lowest_Met_ERW,Inc_Lowest_Met_Math,Inc_2ndLow_N,Inc_2ndLow_Pct,Inc_2ndLow_Mean_Tot,Inc_2ndLow_Mean_ERW,Inc_2ndLow_Mean_Math,Inc_2ndLow_Met_Both,Inc_2ndLow_Met_ERW,Inc_2ndLow_Met_Math,Inc_Middle_N,Inc_Middle_Pct,Inc_Middle_Mean_Tot,Inc_Middle_Mean_ERW,Inc_Middle_Mean_Math,Inc_Middle_Met_Both,Inc_Middle_Met_ERW,Inc_Middle_Met_Math,Inc_2ndHigh_N,Inc_2ndHigh_Pct,Inc_2ndHigh_Mean_Tot,Inc_2ndHigh_Mean_ERW,Inc_2ndHigh_Mean_Math,Inc_2ndHigh_Met_Both,Inc_2ndHigh_Met_ERW,Inc_2ndHigh_Met_Math,Inc_Highest_N,Inc_Highest_Pct,Inc_Highest_Mean_Tot,Inc_Highest_Mean_ERW,Inc_Highest_Mean_Math,Inc_Highest_Met_Both,Inc_Highest_Met_ERW,Inc_Highest_Met_Math,Inc_Unknown_N,Inc_Unknown_Pct,Inc_Unknown_Mean_Tot,Inc_Unknown_Mean_ERW,Inc_Unknown_Mean_Math,Inc_Unknown_Met_Both,Inc_Unknown_Met_ERW,Inc_Unknown_Met_Math,Race_AmInd_N,Race_AmInd_Pct,Race_AmInd_Mean_Tot,Race_AmInd_Mean_ERW,Race_AmInd_Mean_Math,Race_AmInd_Met_Both,Race_AmInd_Met_ERW,Race_AmInd_Met_Math,Race_NatHaw_N,Race_NatHaw_Pct,Race_NatHaw_Mean_Tot,Race_NatHaw_Mean_ERW,Race_NatHaw_Mean_Math,Race_NatHaw_Met_Both,Race_NatHaw_Met_ERW,Race_NatHaw_Met_Math,Cen_Pct_HS_Grad,Cen_Pct_Bachelors,Cen_Median_Income,Cen_Pct_Poverty
Alabama,1556,0.03,1172,601,570,234,0.15,1297,632,665,0.86,0.92,0.9,276,0.18,1028,538,490,0.32,0.76,0.33,139,0.09,1137,590,547,0.55,0.87,0.55,761,0.49,1198,620,578,0.67,0.95,0.67,73,0.05,1150,593,557,0.62,0.9,0.62,67,0.04,1127,582,545,0.49,0.82,0.49,816,0.52,1136,591,545,0.53,0.89,0.54,733,0.47,1211,612,598,0.71,0.91,0.72,64,0.04,1109,572,537,0.45,0.83,0.45,55,0.04,1067,543,525,0.44,0.76,0.45,207,0.13,1093,565,528,0.48,0.83,0.5,76,0.05,1116,579,538,0.47,0.86,0.47,499,0.32,1164,597,567,0.61,0.9,0.62,589,0.38,1229,631,599,0.73,0.95,0.73,130,0.08,1140,580,560,0.52,0.82,0.52,497,0.32,1174,601,573,0.65,0.88,0.66,386,0.25,1194,609,585,0.65,0.9,0.66,315,0.2,1121,578,544,0.5,0.88,0.51,358,0.23,1189,614,574,0.63,0.94,0.64,194,0.12,1109,574,535,0.43,0.84,0.45,194,0.12,1109,574,535,0.43,0.84,0.45,211,0.14,1124,581,543,0.51,0.88,0.54,401,0.26,1188,611,577,0.67,0.94,0.68,461,0.3,1257,637,620,0.79,0.96,0.79,160,0.1,1107,573,534,0.53,0.8,0.54,0,0.0,0,0,0,0.0,0.0,0.0,0,0.0,0,0,0,0.0,0.0,0.0,88.6,28.4,63999.0,15.6
Alaska,2332,0.27,1097,567,530,139,0.06,1083,545,539,0.5,0.78,0.53,48,0.02,999,521,479,0.25,0.67,0.27,207,0.09,1050,544,506,0.36,0.76,0.38,1399,0.6,1124,582,542,0.54,0.86,0.55,284,0.12,1082,560,522,0.46,0.83,0.48,124,0.05,1103,572,531,0.52,0.82,0.54,1197,0.51,1075,562,513,0.43,0.81,0.43,1106,0.47,1118,571,548,0.56,0.83,0.57,161,0.07,1050,544,506,0.37,0.76,0.39,50,0.02,913,463,450,0.2,0.44,0.22,488,0.21,1032,532,499,0.35,0.72,0.36,129,0.06,1055,546,509,0.36,0.78,0.38,744,0.32,1121,581,540,0.54,0.88,0.55,589,0.25,1173,605,568,0.63,0.91,0.64,332,0.14,1046,541,505,0.41,0.73,0.42,726,0.31,1163,598,564,0.64,0.91,0.65,383,0.16,1064,552,513,0.39,0.75,0.4,1105,0.47,1066,551,515,0.43,0.78,0.45,118,0.05,1084,568,516,0.41,0.84,0.42,92,0.04,1116,582,534,0.52,0.9,0.53,92,0.04,1116,582,534,0.52,0.9,0.53,307,0.13,1086,563,523,0.47,0.82,0.48,795,0.34,1093,565,527,0.48,0.82,0.49,672,0.29,1158,595,563,0.63,0.9,0.64,454,0.19,1017,527,490,0.3,0.69,0.31,117,0.05,942,478,463,0.17,0.44,0.2,14,0.01,1061,547,514,0.43,0.79,0.43,93.6,31.7,92788.0,10.1
Arizona,8327,0.1,1194,606,588,1346,0.16,1306,645,661,0.88,0.94,0.9,326,0.04,1108,567,541,0.55,0.83,0.56,2110,0.25,1105,565,541,0.56,0.81,0.57,3564,0.43,1211,618,593,0.75,0.94,0.76,537,0.06,1230,624,606,0.78,0.93,0.8,346,0.04,1196,609,587,0.71,0.89,0.72,4254,0.51,1169,599,570,0.66,0.89,0.67,4012,0.48,1219,612,607,0.76,0.91,0.78,486,0.06,1182,603,579,0.68,0.9,0.69,265,0.03,995,500,494,0.35,0.62,0.37,1203,0.14,1100,562,539,0.53,0.8,0.56,289,0.03,1139,578,561,0.64,0.85,0.64,2708,0.33,1207,613,595,0.74,0.94,0.75,2960,0.36,1261,639,622,0.83,0.96,0.83,902,0.11,1133,575,558,0.59,0.81,0.62,5943,0.71,1201,609,592,0.72,0.9,0.73,1093,0.13,1200,608,593,0.74,0.91,0.75,902,0.11,1139,580,559,0.61,0.87,0.64,389,0.05,1191,612,579,0.71,0.93,0.73,679,0.08,1126,575,551,0.57,0.83,0.59,679,0.08,1126,575,551,0.57,0.83,0.59,906,0.11,1173,599,575,0.68,0.9,0.69,1978,0.24,1205,612,592,0.74,0.93,0.75,3342,0.4,1248,630,618,0.81,0.95,0.82,943,0.11,1108,562,546,0.54,0.78,0.55,86,0.01,1023,516,507,0.4,0.66,0.44,12,0.0,1076,545,531,0.58,0.83,0.58,89.4,33.3,79964.0,12.5
Arkansas,783,0.02,1177,609,568,117,0.15,1278,636,641,0.81,0.92,0.84,66,0.08,1021,540,481,0.27,0.76,0.29,106,0.14,1108,573,534,0.51,0.85,0.51,410,0.52,1188,619,570,0.65,0.93,0.66,48,0.06,1227,636,591,0.71,0.94,0.71,31,0.04,1173,611,562,0.68,0.9,0.68,400,0.51,1144,599,545,0.54,0.9,0.55,373,0.48,1214,619,595,0.72,0.9,0.73,50,0.06,1164,605,559,0.54,0.88,0.56,29,0.04,1098,564,533,0.41,0.9,0.45,117,0.15,1095,569,526,0.46,0.81,0.47,42,0.05,1108,571,537,0.57,0.88,0.57,250,0.32,1189,618,571,0.64,0.92,0.65,285,0.36,1228,631,598,0.73,0.93,0.74,60,0.08,1133,594,540,0.52,0.88,0.52,399,0.51,1206,620,586,0.69,0.91,0.7,58,0.07,1115,583,532,0.48,0.9,0.48,230,0.29,1133,589,544,0.55,0.88,0.55,96,0.12,1204,626,578,0.64,0.91,0.66,159,0.2,1132,588,544,0.55,0.9,0.56,159,0.2,1132,588,544,0.55,0.9,0.56,127,0.16,1172,605,567,0.63,0.86,0.64,177,0.23,1185,612,573,0.64,0.92,0.64,189,0.24,1257,644,613,0.77,0.94,0.78,60,0.08,1105,576,529,0.5,0.85,0.52,0,0.0,0,0,0,0.0,0.0,0.0,0,0.0,0,0,0,0.0,0.0,0.0,88.7,25.7,60773.0,16.0
California,123259,0.26,1096,555,541,27106,0.22,1278,632,646,0.83,0.92,0.85,5442,0.04,936,484,453,0.23,0.52,0.24,51899,0.42,945,483,462,0.25,0.51,0.26,26297,0.21,1200,613,587,0.71,0.92,0.71,7191,0.06,1211,616,595,0.72,0.9,0.72,4743,0.04,1160,584,576,0.62,0.76,0.63,62215,0.5,1077,551,526,0.47,0.71,0.48,60133,0.49,1113,558,555,0.56,0.73,0.57,21451,0.17,1008,513,495,0.34,0.61,0.35,10431,0.08,904,460,445,0.19,0.43,0.2,23858,0.19,985,502,482,0.31,0.59,0.32,4203,0.03,1040,531,508,0.41,0.69,0.42,29587,0.24,1179,597,582,0.67,0.88,0.68,31433,0.26,1267,638,629,0.8,0.93,0.81,23747,0.19,972,493,480,0.31,0.51,0.32,62459,0.51,1092,552,540,0.51,0.7,0.52,47029,0.38,1090,553,537,0.51,0.72,0.52,7432,0.06,1053,540,513,0.43,0.72,0.44,6339,0.05,1230,623,606,0.72,0.91,0.73,12451,0.1,945,482,462,0.24,0.51,0.26,12451,0.1,945,482,462,0.24,0.51,0.26,12480,0.1,1007,514,493,0.35,0.62,0.36,16997,0.14,1100,560,540,0.53,0.77,0.54,52282,0.42,1253,631,623,0.78,0.94,0.79,18033,0.15,921,469,452,0.23,0.45,0.25,242,0.0,952,485,467,0.28,0.55,0.29,339,0.0,994,503,492,0.35,0.55,0.36,84.7,37.1,99122.0,12.0
Colorado,59203,0.9,987,505,482,2095,0.04,1112,554,558,0.56,0.74,0.58,2397,0.04,892,457,434,0.16,0.41,0.17,19303,0.33,874,445,428,0.13,0.35,0.14,28875,0.49,1053,540,513,0.42,0.73,0.43,2672,0.05,1016,522,494,0.35,0.66,0.36,3312,0.06,1052,539,513,0.42,0.74,0.43,28954,0.49,981,506,475,0.29,0.59,0.3,29870,0.5,991,503,488,0.34,0.58,0.35,16263,0.27,993,508,485,0.34,0.62,0.35,4183,0.07,839,426,413,0.08,0.28,0.1,10083,0.17,930,478,453,0.19,0.49,0.2,1951,0.03,985,506,478,0.26,0.62,0.28,12453,0.21,1081,553,528,0.48,0.79,0.49,9267,0.16,1150,587,563,0.62,0.85,0.63,21266,0.36,916,469,447,0.2,0.46,0.21,24137,0.41,971,496,475,0.3,0.55,0.31,20638,0.35,1009,516,493,0.35,0.63,0.36,13584,0.23,973,499,474,0.28,0.57,0.29,844,0.01,1101,572,529,0.48,0.82,0.48,5147,0.09,917,469,448,0.18,0.45,0.2,5147,0.09,917,469,448,0.18,0.45,0.2,6528,0.11,959,492,467,0.25,0.55,0.26,9951,0.17,1015,520,495,0.35,0.65,0.36,18597,0.31,1108,565,543,0.54,0.81,0.55,16879,0.29,882,452,429,0.14,0.39,0.15,394,0.01,894,460,434,0.17,0.44,0.18,155,0.0,898,458,440,0.17,0.42,0.17,92.9,45.7,95470.0,9.4
Connecticut,41532,0.91,989,505,484,2481,0.06,1199,595,604,0.67,0.82,0.7,5421,0.13,853,439,415,0.11,0.35,0.12,6203,0.15,941,482,459,0.26,0.53,0.27,23552,0.57,1007,515,492,0.35,0.63,0.36,2242,0.05,979,501,478,0.3,0.56,0.31,1073,0.03,1150,584,567,0.59,0.81,0.6,20245,0.49,992,511,481,0.31,0.61,0.32,21057,0.51,984,498,486,0.34,0.56,0.35,6922,0.17,909,464,445,0.22,0.46,0.23,2358,0.06,839,424,415,0.11,0.3,0.13,7590,0.18,917,471,446,0.18,0.48,0.19,1263,0.03,971,500,471,0.25,0.59,0.26,7993,0.19,1079,552,527,0.46,0.77,0.48,7852,0.19,1170,595,575,0.64,0.85,0.65,14476,0.35,903,462,442,0.2,0.44,0.21,11189,0.27,890,456,434,0.18,0.41,0.19,21223,0.51,1025,522,503,0.38,0.64,0.39,7606,0.18,1029,526,503,0.37,0.67,0.38,1514,0.04,1000,514,485,0.39,0.59,0.4,2647,0.06,887,456,431,0.14,0.4,0.16,2647,0.06,887,456,431,0.14,0.4,0.16,3066,0.07,935,481,454,0.21,0.52,0.22,7175,0.17,1003,514,489,0.32,0.63,0.33,15979,0.38,1121,570,551,0.55,0.81,0.56,10293,0.25,848,433,415,0.12,0.34,0.13,471,0.01,819,412,407,0.09,0.27,0.1,89,0.0,852,433,419,0.11,0.37,0.12,91.5,42.5,95781.0,10.0
Delaware,11249,0.94,933,480,453,456,0.04,1189,591,598,0.69,0.84,0.73,2726,0.24,848,439,409,0.09,0.33,0.1,2252,0.2,857,438,419,0.1,0.35,0.11,4375,0.39,1009,521,489,0.33,0.66,0.34,685,0.06,946,490,456,0.22,0.53,0.23,724,0.06,857,441,416,0.15,0.36,0.15,5639,0.5,936,484,451,0.21,0.51,0.21,5559,0.49,928,474,454,0.24,0.48,0.24,997,0.09,906,466,439,0.22,0.48,0.22,988,0.09,813,414,399,0.06,0.24,0.06,3102,0.28,878,453,425,0.12,0.39,0.13,578,0.05,926,480,446,0.17,0.53,0.17,2679,0.24,1005,519,486,0.32,0.66,0.33,1769,0.16,1086,556,530,0.49,0.75,0.49,2133,0.19,853,437,416,0.13,0.34,0.13,1293,0.11,957,492,465,0.28,0.51,0.28,5151,0.46,902,465,437,0.17,0.45,0.18,4155,0.37,929,477,452,0.21,0.49,0.22,650,0.06,1161,594,568,0.62,0.88,0.62,1376,0.12,881,455,426,0.14,0.4,0.14,1376,0.12,881,455,426,0.14,0.4,0.14,3106,0.28,905,467,438,0.16,0.44,0.17,1735,0.15,981,505,476,0.28,0.61,0.29,2513,0.22,1070,548,522,0.45,0.73,0.46,1913,0.17,819,421,398,0.07,0.29,0.08,27,0.0,833,431,402,0.07,0.33,0.07,0,0.0,0,0,0,0.0,0.0,0.0,91.7,35.8,84954.0,10.4
District,5675,0.85,958,493,466,133,0.02,1238,619,618,0.76,0.93,0.77,2893,0.51,860,443,417,0.12,0.35,0.13,1154,0.2,900,463,438,0.21,0.43,0.22,954,0.17,1260,646,613,0.79,0.94,0.79,239,0.04,1114,573,541,0.51,0.73,0.52,279,0.05,927,479,448,0.27,0.45,0.28,2763,0.49,954,493,461,0.26,0.49,0.27,2880,0.51,961,491,470,0.32,0.5,0.32,1348,0.24,912,469,443,0.2,0.44,0.21,483,0.09,789,402,387,0.07,0.22,0.08,1360,0.24,843,433,409,0.09,0.32,0.1,145,0.03,870,446,424,0.1,0.37,0.12,811,0.14,1020,527,493,0.37,0.65,0.37,1329,0.23,1210,621,589,0.68,0.86,0.69,1547,0.27,874,449,424,0.18,0.37,0.18,5438,0.96,951,489,462,0.28,0.49,0.29,0,0.0,0,0,0,0.0,0.0,0.0,0,0.0,0,0,0,0.0,0.0,0.0,237,0.04,1119,575,544,0.51,0.7,0.52,509,0.09,870,448,422,0.12,0.36,0.13,509,0.09,870,448,422,0.12,0.36,0.13,51,0.01,962,489,474,0.31,0.51,0.35,377,0.07,950,491,459,0.26,0.51,0.27,2119,0.37,1151,591,560,0.59,0.8,0.59,2082,0.37,816,420,397,0.09,0.28,0.1,17,0.0,784,393,391,0.12,0.18,0.12,0,0.0,0,0,0,0.0,0.0,0.0,,,,
Florida,204840,0.87,970,502,468,7569,0.04,1159,581,578,0.63,0.82,0.66,34590,0.17,876,455,421,0.11,0.4,0.13,83708,0.41,946,490,456,0.23,0.55,0.25,61103,0.3,1042,541,502,0.39,0.74,0.4,8205,0.04,1016,528,488,0.33,0.69,0.34,8930,0.04,868,448,420,0.17,0.38,0.19,103316,0.5,970,506,464,0.25,0.6,0.26,100837,0.49,969,498,471,0.3,0.57,0.31,20168,0.1,896,463,433,0.17,0.46,0.18,14493,0.07,843,435,408,0.1,0.33,0.12,49929,0.24,933,486,447,0.19,0.54,0.2,11051,0.05,989,516,474,0.26,0.66,0.27,46848,0.23,1049,543,506,0.4,0.75,0.41,34342,0.17,1089,560,529,0.49,0.77,0.5,48177,0.24,881,456,425,0.14,0.41,0.16,54351,0.27,967,501,466,0.28,0.58,0.29,118096,0.58,970,502,468,0.27,0.59,0.29,24316,0.12,941,489,451,0.22,0.55,0.23,8077,0.04,1081,558,522,0.46,0.77,0.47,32267,0.16,955,496,459,0.23,0.57,0.24,32267,0.16,955,496,459,0.23,0.57,0.24,31261,0.15,998,518,480,0.3,0.65,0.31,36416,0.18,1048,542,506,0.4,0.74,0.41,26294,0.13,1123,577,547,0.55,0.84,0.56,51042,0.25,862,447,415,0.12,0.38,0.13,475,0.0,893,460,432,0.15,0.46,0.16,260,0.0,912,470,442,0.18,0.45,0.18,89.9,34.1,74568.0,12.6
Georgia,74667,0.56,1038,532,506,6243,0.08,1214,599,615,0.73,0.85,0.76,23614,0.32,937,484,453,0.18,0.53,0.2,12625,0.17,978,498,480,0.29,0.59,0.3,26855,0.36,1110,572,538,0.52,0.86,0.53,3347,0.04,1075,553,522,0.44,0.79,0.46,1793,0.02,1037,532,505,0.38,0.68,0.4,39955,0.54,1027,530,497,0.34,0.7,0.35,34365,0.46,1050,533,517,0.43,0.7,0.45,3837,0.05,1014,517,497,0.36,0.64,0.38,4589,0.06,922,466,456,0.2,0.45,0.23,15930,0.21,973,501,473,0.25,0.6,0.26,4242,0.06,997,515,481,0.27,0.67,0.28,21371,0.29,1079,554,526,0.46,0.79,0.47,17519,0.23,1132,579,553,0.56,0.84,0.57,11016,0.15,967,493,475,0.26,0.56,0.28,11462,0.15,1033,531,502,0.38,0.68,0.39,40750,0.55,1038,529,509,0.4,0.68,0.41,19094,0.26,1027,531,497,0.34,0.72,0.35,3361,0.05,1116,578,538,0.51,0.84,0.52,10876,0.15,993,511,482,0.29,0.64,0.3,10876,0.15,993,511,482,0.29,0.64,0.3,11911,0.16,1017,524,493,0.32,0.69,0.34,15367,0.21,1058,542,516,0.42,0.75,0.43,19079,0.26,1156,588,568,0.62,0.87,0.63,9228,0.12,920,471,450,0.19,0.48,0.21,142,0.0,979,503,476,0.32,0.58,0.34,48,0.0,1003,511,491,0.27,0.69,0.29,89.2,34.9,77353.0,13.4
Hawaii,4173,0.29,1125,574,551,1292,0.31,1172,588,584,0.68,0.89,0.7,39,0.01,1030,532,498,0.41,0.69,0.41,661,0.16,1049,539,510,0.37,0.76,0.38,465,0.11,1173,612,561,0.62,0.94,0.62,1390,0.33,1121,574,547,0.55,0.84,0.56,116,0.03,1206,612,594,0.66,0.88,0.66,2157,0.52,1111,570,540,0.52,0.84,0.53,1984,0.48,1139,576,563,0.59,0.84,0.6,214,0.05,1123,580,543,0.49,0.86,0.5,77,0.02,981,496,485,0.31,0.62,0.31,699,0.17,1043,534,510,0.39,0.74,0.4,267,0.06,1082,548,534,0.5,0.76,0.51,1578,0.38,1126,575,551,0.57,0.85,0.58,1028,0.25,1203,612,591,0.7,0.93,0.7,524,0.13,1121,572,549,0.52,0.84,0.54,1687,0.4,1129,573,557,0.57,0.84,0.58,947,0.23,1128,575,553,0.59,0.87,0.61,919,0.22,1093,564,529,0.47,0.79,0.48,620,0.15,1155,588,567,0.59,0.86,0.59,128,0.03,1136,578,558,0.62,0.84,0.63,128,0.03,1136,578,558,0.62,0.84,0.63,450,0.11,1091,560,531,0.47,0.8,0.49,1097,0.26,1117,571,546,0.54,0.83,0.54,1747,0.42,1166,592,574,0.64,0.9,0.66,720,0.17,1060,541,518,0.42,0.74,0.43,0,0.0,0,0,0,0.0,0.0,0.0,206,0.05,966,493,473,0.24,0.56,0.25,93.2,36.1,100389.0,10.0
Idaho,16381,0.69,1003,512,490,253,0.02,1127,560,567,0.57,0.76,0.6,177,0.01,869,439,430,0.16,0.35,0.16,2752,0.17,910,463,447,0.17,0.43,0.19,11055,0.67,1027,525,501,0.36,0.7,0.38,660,0.04,1025,525,501,0.37,0.69,0.38,1302,0.08,988,505,483,0.3,0.6,0.32,8268,0.5,997,514,483,0.29,0.64,0.3,8056,0.49,1007,510,497,0.36,0.63,0.37,2797,0.17,1041,533,508,0.41,0.72,0.43,902,0.06,846,429,417,0.07,0.29,0.08,3526,0.22,944,483,462,0.2,0.53,0.21,944,0.06,995,510,485,0.27,0.66,0.29,4419,0.27,1056,539,517,0.42,0.75,0.44,2527,0.15,1110,568,542,0.54,0.83,0.56,4063,0.25,965,493,472,0.26,0.56,0.28,5104,0.31,1014,517,496,0.36,0.66,0.37,3300,0.2,1030,528,503,0.36,0.7,0.38,7640,0.47,977,498,478,0.28,0.59,0.29,337,0.02,1147,598,549,0.58,0.87,0.59,2580,0.16,981,502,479,0.28,0.59,0.29,2580,0.16,981,502,479,0.28,0.59,0.29,3708,0.23,1013,518,495,0.35,0.66,0.36,3176,0.19,1059,541,518,0.43,0.75,0.45,1473,0.09,1127,573,553,0.57,0.85,0.58,4649,0.28,935,478,457,0.2,0.51,0.21,145,0.01,887,455,432,0.09,0.41,0.1,37,0.0,943,473,470,0.3,0.57,0.3,91.9,31.8,77800.0,10.6
Illinois,142400,0.99,961,488,473,7997,0.06,1179,583,596,0.67,0.81,0.69,18978,0.13,840,430,410,0.09,0.3,0.1,40260,0.28,892,452,440,0.16,0.39,0.17,58049,0.41,1031,524,507,0.4,0.67,0.41,5086,0.04,1016,519,497,0.36,0.62,0.37,11418,0.08,878,446,432,0.18,0.37,0.19,69716,0.49,964,492,471,0.27,0.54,0.28,71902,0.5,957,483,474,0.3,0.51,0.31,30544,0.21,1000,507,493,0.37,0.61,0.38,12880,0.09,834,421,413,0.1,0.27,0.11,31901,0.22,907,462,445,0.18,0.43,0.19,6368,0.04,956,487,468,0.24,0.54,0.26,28089,0.2,1049,532,516,0.43,0.7,0.44,19582,0.14,1133,573,560,0.59,0.79,0.6,43580,0.31,905,459,446,0.2,0.43,0.21,39347,0.28,931,472,459,0.25,0.45,0.26,72452,0.51,987,499,487,0.33,0.57,0.34,28534,0.2,935,478,457,0.22,0.5,0.24,2067,0.01,996,514,482,0.36,0.62,0.37,15843,0.11,897,457,440,0.16,0.41,0.17,15843,0.11,897,457,440,0.16,0.41,0.17,20924,0.15,946,482,464,0.24,0.51,0.25,25983,0.18,1002,509,493,0.34,0.61,0.36,32088,0.23,1118,564,554,0.56,0.79,0.57,37497,0.26,862,438,424,0.13,0.34,0.14,548,0.0,870,442,428,0.16,0.38,0.16,64,0.0,912,459,453,0.25,0.42,0.25,90.5,37.8,83390.0,11.8
Indiana,82126,1.0,950,485,464,2329,0.03,1094,544,550,0.5,0.69,0.53,9100,0.11,836,429,407,0.08,0.29,0.09,13219,0.16,880,447,432,0.15,0.39,0.15,48337,0.59,993,508,485,0.32,0.62,0.33,3958,0.05,953,492,462,0.23,0.54,0.24,4644,0.06,857,441,416,0.14,0.36,0.14,40646,0.49,952,490,462,0.24,0.54,0.24,41199,0.5,946,480,466,0.27,0.51,0.28,8465,0.1,947,486,461,0.26,0.55,0.27,6607,0.08,818,415,402,0.07,0.25,0.08,22447,0.27,904,463,441,0.15,0.44,0.16,4633,0.06,962,494,469,0.24,0.57,0.26,19680,0.24,1034,528,507,0.39,0.71,0.41,9925,0.12,1091,556,535,0.51,0.76,0.52,18834,0.23,884,453,431,0.16,0.41,0.17,25303,0.31,931,477,454,0.23,0.48,0.24,24209,0.29,977,498,479,0.3,0.58,0.31,30482,0.37,942,481,461,0.23,0.52,0.24,2132,0.03,970,504,467,0.28,0.59,0.29,11545,0.14,928,475,453,0.2,0.49,0.21,11545,0.14,928,475,453,0.2,0.49,0.21,16725,0.2,972,497,475,0.28,0.58,0.29,16205,0.2,1030,524,505,0.39,0.68,0.4,8080,0.1,1112,564,548,0.55,0.81,0.56,21174,0.26,853,438,416,0.1,0.35,0.11,456,0.01,868,440,428,0.14,0.39,0.14,83,0.0,828,415,413,0.17,0.3,0.17,90.4,29.5,71957.0,12.3
Iowa,972,0.02,1211,616,595,183,0.19,1346,657,689,0.95,0.98,0.96,60,0.06,1085,555,530,0.45,0.83,0.47,97,0.1,1097,567,531,0.47,0.85,0.48,534,0.55,1195,615,581,0.69,0.9,0.69,56,0.06,1248,638,610,0.79,0.95,0.79,40,0.04,1224,622,602,0.68,0.9,0.7,489,0.5,1183,609,574,0.64,0.89,0.64,470,0.48,1239,621,617,0.77,0.92,0.78,38,0.04,1278,637,641,0.84,0.89,0.87,24,0.02,1090,538,552,0.58,0.79,0.63,93,0.1,1056,541,516,0.4,0.75,0.41,56,0.06,1091,556,535,0.52,0.75,0.52,281,0.29,1185,604,581,0.7,0.92,0.71,444,0.46,1282,652,630,0.8,0.97,0.8,74,0.08,1204,605,599,0.68,0.85,0.7,403,0.41,1256,638,618,0.78,0.95,0.79,231,0.24,1261,636,625,0.8,0.97,0.81,260,0.27,1111,567,544,0.52,0.78,0.53,78,0.08,1159,602,557,0.62,0.94,0.63,65,0.07,1125,574,551,0.55,0.78,0.55,65,0.07,1125,574,551,0.55,0.78,0.55,173,0.18,1135,579,557,0.57,0.81,0.58,295,0.3,1224,626,598,0.76,0.97,0.77,322,0.33,1279,647,633,0.83,0.97,0.83,71,0.07,1108,556,552,0.49,0.73,0.51,0,0.0,0,0,0,0.0,0.0,0.0,0,0.0,0,0,0,0.0,0.0,0.0,93.3,31.4,75059.0,11.1
Kansas,803,0.02,1238,626,612,196,0.24,1299,637,662,0.81,0.88,0.87,46,0.06,1090,564,526,0.54,0.87,0.54,86,0.11,1163,600,562,0.62,0.88,0.63,381,0.47,1240,634,606,0.78,0.94,0.78,57,0.07,1264,639,625,0.86,0.96,0.86,30,0.04,1227,615,612,0.73,0.93,0.77,395,0.49,1212,619,592,0.71,0.9,0.73,397,0.49,1263,632,631,0.82,0.93,0.84,35,0.04,1258,632,627,0.77,0.89,0.83,14,0.02,1128,566,561,0.57,0.93,0.57,79,0.1,1142,573,569,0.62,0.78,0.67,32,0.04,1123,584,539,0.44,0.81,0.44,249,0.31,1223,616,607,0.76,0.92,0.78,374,0.47,1281,650,631,0.82,0.96,0.83,55,0.07,1242,626,616,0.84,0.93,0.85,444,0.55,1262,635,627,0.81,0.93,0.83,160,0.2,1268,645,623,0.84,0.98,0.84,143,0.18,1162,589,573,0.62,0.85,0.64,56,0.07,1152,596,556,0.55,0.88,0.55,71,0.09,1156,583,573,0.62,0.85,0.65,71,0.09,1156,583,573,0.62,0.85,0.65,77,0.1,1175,604,571,0.61,0.9,0.62,174,0.22,1222,622,600,0.72,0.92,0.75,385,0.48,1274,644,630,0.84,0.95,0.84,68,0.08,1228,609,619,0.76,0.88,0.81,0,0.0,0,0,0,0.0,0.0,0.0,0,0.0,0,0,0,0.0,0.0,0.0,92.0,35.6,74275.0,11.3
Kentucky,1182,0.02,1181,607,574,143,0.12,1278,635,643,0.84,0.95,0.85,109,0.09,1023,525,499,0.35,0.64,0.38,123,0.1,1089,559,530,0.48,0.77,0.51,701,0.59,1199,620,578,0.7,0.94,0.71,66,0.06,1190,615,574,0.61,0.91,0.61,38,0.03,1231,637,594,0.79,0.97,0.79,578,0.49,1168,606,562,0.63,0.9,0.64,591,0.5,1191,606,585,0.69,0.88,0.7,48,0.04,1222,623,599,0.79,0.96,0.79,17,0.01,1002,503,499,0.29,0.59,0.35,152,0.13,1058,545,513,0.38,0.72,0.41,61,0.05,1123,584,539,0.51,0.89,0.51,344,0.29,1170,605,565,0.64,0.89,0.65,502,0.42,1240,636,604,0.79,0.95,0.8,106,0.09,1169,593,575,0.65,0.9,0.65,445,0.38,1239,634,604,0.77,0.95,0.78,150,0.13,1181,606,575,0.63,0.93,0.63,207,0.18,1176,606,569,0.67,0.93,0.68,380,0.32,1115,576,539,0.54,0.78,0.56,146,0.12,1159,604,555,0.6,0.87,0.6,146,0.12,1159,604,555,0.6,0.87,0.6,176,0.15,1165,601,564,0.61,0.9,0.61,232,0.2,1200,624,575,0.7,0.95,0.71,384,0.32,1251,638,613,0.81,0.96,0.82,151,0.13,1068,541,527,0.44,0.71,0.49,0,0.0,0,0,0,0.0,0.0,0.0,0,0.0,0,0,0,0.0,0.0,0.0,88.9,27.6,63726.0,16.1
Louisiana,1234,0.02,1195,613,582,146,0.12,1308,647,661,0.86,0.92,0.88,212,0.17,1058,547,511,0.39,0.73,0.41,130,0.11,1175,607,568,0.65,0.92,0.65,629,0.51,1216,627,589,0.69,0.93,0.7,66,0.05,1225,625,600,0.76,0.92,0.79,46,0.04,1195,611,585,0.67,0.89,0.67,650,0.53,1166,604,562,0.61,0.88,0.62,562,0.46,1224,620,605,0.7,0.9,0.72,64,0.05,1233,627,606,0.67,0.88,0.67,0,0.0,0,0,0,0.0,0.0,0.0,0,0.0,0,0,0,0.0,0.0,0.0,70,0.06,1080,562,518,0.41,0.77,0.41,0,0.0,0,0,0,0.0,0.0,0.0,479,0.39,1272,650,622,0.82,0.96,0.82,100,0.08,1143,588,555,0.54,0.85,0.58,592,0.48,1232,632,601,0.74,0.94,0.74,173,0.14,1167,601,566,0.58,0.88,0.61,167,0.14,1138,583,554,0.61,0.83,0.62,81,0.07,1128,577,551,0.57,0.84,0.6,0,0.0,0,0,0,0.0,0.0,0.0,0,0.0,0,0,0,0.0,0.0,0.0,0,0.0,0,0,0,0.0,0.0,0.0,0,0.0,0,0,0,0.0,0.0,0.0,0,0.0,0,0,0,0.0,0.0,0.0,0,0.0,0,0,0,0.0,0.0,0.0,0,0.0,0,0,0,0.0,0.0,0.0,0,0.0,0,0,0,0.0,0.0,0.0,87.3,27.0,60756.0,18.9
Maine,5420,0.39,1078,558,521,191,0.04,1150,554,596,0.59,0.72,0.66,269,0.05,870,446,424,0.12,0.39,0.13,262,0.05,1016,526,490,0.34,0.63,0.35,4117,0.76,1094,568,526,0.46,0.83,0.47,235,0.04,1113,577,535,0.46,0.84,0.47,320,0.06,1034,528,506,0.4,0.7,0.41,2762,0.51,1061,555,506,0.38,0.79,0.39,2570,0.47,1093,558,535,0.49,0.79,0.51,844,0.16,1073,556,517,0.44,0.8,0.44,131,0.02,844,427,417,0.05,0.31,0.08,860,0.16,1007,522,484,0.29,0.69,0.3,286,0.05,1040,543,497,0.33,0.78,0.34,1878,0.35,1092,566,526,0.45,0.84,0.46,1393,0.26,1179,609,571,0.64,0.9,0.65,872,0.16,1006,517,488,0.33,0.66,0.34,1102,0.2,1028,533,495,0.35,0.68,0.36,1224,0.23,1121,578,543,0.52,0.87,0.53,2928,0.54,1076,557,519,0.43,0.79,0.44,166,0.03,1141,591,551,0.52,0.9,0.52,699,0.13,1068,550,518,0.41,0.77,0.44,699,0.13,1068,550,518,0.41,0.77,0.44,1042,0.19,1106,574,531,0.48,0.84,0.49,1449,0.27,1115,578,537,0.51,0.86,0.52,874,0.16,1153,596,557,0.58,0.91,0.58,1127,0.21,958,493,465,0.21,0.57,0.23,23,0.0,1025,533,492,0.3,0.83,0.3,0,0.0,0,0,0,0.0,0.0,0.0,94.8,36.2,74733.0,10.7
Maryland,53955,0.73,1003,514,488,4488,0.08,1200,597,602,0.69,0.84,0.7,15920,0.3,910,471,439,0.17,0.47,0.18,10582,0.2,899,460,438,0.18,0.43,0.19,17167,0.32,1106,568,538,0.52,0.81,0.52,2747,0.05,1057,544,513,0.41,0.7,0.42,2872,0.05,929,476,454,0.25,0.45,0.26,27112,0.5,998,516,482,0.32,0.62,0.33,26416,0.49,1005,511,494,0.36,0.6,0.37,9451,0.18,961,495,467,0.26,0.56,0.27,3511,0.07,828,423,405,0.09,0.28,0.1,10067,0.19,920,475,445,0.18,0.48,0.19,1779,0.03,968,501,467,0.25,0.6,0.26,11888,0.22,1062,545,517,0.43,0.75,0.44,13055,0.24,1162,594,568,0.62,0.85,0.62,13655,0.25,909,466,443,0.2,0.44,0.21,11883,0.22,1020,520,501,0.39,0.6,0.4,30776,0.57,974,502,472,0.29,0.57,0.3,9818,0.18,1050,537,513,0.42,0.71,0.43,1478,0.03,1138,590,548,0.55,0.87,0.56,2966,0.05,900,464,436,0.16,0.44,0.17,2966,0.05,900,464,436,0.16,0.44,0.17,4550,0.08,946,487,459,0.23,0.53,0.24,9764,0.18,992,511,481,0.3,0.62,0.31,23881,0.44,1116,571,545,0.53,0.8,0.54,10821,0.2,839,431,408,0.11,0.32,0.11,143,0.0,882,451,431,0.19,0.42,0.21,36,0.0,969,484,485,0.36,0.53,0.36,91.1,43.4,103678.0,9.4
Massachusetts,43814,0.57,1114,566,548,4932,0.11,1264,622,642,0.79,0.89,0.82,3666,0.08,974,497,477,0.27,0.58,0.29,8072,0.18,964,492,472,0.27,0.55,0.29,22738,0.52,1152,589,563,0.61,0.89,0.62,1960,0.04,1177,601,577,0.63,0.86,0.64,2353,0.05,1110,561,549,0.52,0.74,0.53,22280,0.51,1093,560,533,0.48,0.78,0.49,21065,0.48,1134,571,563,0.59,0.8,0.6,4750,0.11,1026,522,504,0.36,0.65,0.38,1907,0.04,929,469,461,0.24,0.46,0.26,6781,0.15,1008,515,493,0.33,0.66,0.34,1614,0.04,1048,537,511,0.4,0.75,0.41,11948,0.27,1127,574,553,0.56,0.85,0.58,14447,0.33,1228,623,605,0.74,0.92,0.74,7117,0.16,1024,519,505,0.39,0.63,0.4,8933,0.2,1028,521,507,0.39,0.61,0.41,28344,0.65,1133,576,557,0.57,0.83,0.58,4033,0.09,1135,581,554,0.57,0.85,0.58,2504,0.06,1171,594,577,0.61,0.85,0.62,1706,0.04,995,508,488,0.31,0.62,0.33,1706,0.04,995,508,488,0.31,0.62,0.33,2612,0.06,1034,529,505,0.38,0.7,0.4,6532,0.15,1098,561,537,0.49,0.81,0.51,23776,0.54,1197,607,589,0.68,0.91,0.69,7375,0.17,958,486,472,0.28,0.52,0.29,78,0.0,981,495,486,0.28,0.64,0.36,15,0.0,1007,511,496,0.2,0.73,0.27,91.4,47.3,103960.0,10.0
Michigan,106047,1.0,953,487,466,4293,0.04,1151,568,583,0.61,0.75,0.65,15362,0.14,812,419,393,0.06,0.26,0.07,11344,0.11,884,451,433,0.15,0.39,0.16,67581,0.64,985,503,482,0.31,0.6,0.32,4506,0.04,963,495,468,0.25,0.55,0.26,2138,0.02,947,484,463,0.26,0.49,0.28,52270,0.49,957,492,464,0.25,0.54,0.26,53472,0.5,948,480,468,0.28,0.5,0.29,24962,0.24,989,505,484,0.35,0.61,0.36,6686,0.06,800,406,394,0.05,0.21,0.06,23276,0.22,896,459,436,0.15,0.42,0.16,5082,0.05,954,489,465,0.23,0.54,0.24,21025,0.2,1034,528,507,0.39,0.69,0.4,13516,0.13,1110,563,546,0.54,0.77,0.55,36462,0.34,912,467,446,0.2,0.46,0.22,21462,0.2,931,475,455,0.24,0.47,0.25,47877,0.45,965,493,472,0.29,0.55,0.3,34932,0.33,948,484,464,0.24,0.52,0.26,1776,0.02,994,514,480,0.35,0.59,0.36,15016,0.14,923,473,450,0.2,0.47,0.21,15016,0.14,923,473,450,0.2,0.47,0.21,18675,0.18,968,495,473,0.27,0.56,0.28,19532,0.18,1022,520,502,0.38,0.66,0.39,16036,0.15,1106,559,547,0.53,0.78,0.55,23909,0.23,859,441,418,0.12,0.35,0.13,745,0.01,862,443,418,0.12,0.37,0.13,78,0.0,871,436,434,0.17,0.36,0.18,92.1,32.4,72875.0,13.2
Minnesota,2149,0.03,1210,612,598,413,0.19,1316,648,669,0.88,0.94,0.91,198,0.09,1078,556,522,0.47,0.78,0.49,306,0.14,1028,517,511,0.39,0.59,0.42,929,0.43,1249,638,611,0.78,0.95,0.79,137,0.06,1254,640,614,0.8,0.92,0.81,162,0.08,1189,601,588,0.69,0.8,0.69,1072,0.5,1186,608,578,0.66,0.87,0.67,1054,0.49,1232,616,617,0.76,0.87,0.78,253,0.12,1089,553,536,0.5,0.71,0.51,0,0.0,0,0,0,0.0,0.0,0.0,0,0.0,0,0,0,0.0,0.0,0.0,53,0.02,1148,592,555,0.57,0.94,0.57,0,0.0,0,0,0,0.0,0.0,0.0,925,0.43,1298,656,642,0.88,0.97,0.88,331,0.15,1078,542,535,0.47,0.67,0.49,820,0.38,1231,621,610,0.75,0.88,0.76,710,0.33,1161,586,575,0.62,0.8,0.64,298,0.14,1228,620,609,0.8,0.95,0.81,257,0.12,1045,525,521,0.45,0.61,0.46,0,0.0,0,0,0,0.0,0.0,0.0,0,0.0,0,0,0,0.0,0.0,0.0,0,0.0,0,0,0,0.0,0.0,0.0,0,0.0,0,0,0,0.0,0.0,0.0,0,0.0,0,0,0,0.0,0.0,0.0,0,0.0,0,0,0,0.0,0.0,0.0,0,0.0,0,0,0,0.0,0.0,0.0,0,0.0,0,0,0,0.0,0.0,0.0,93.9,39.4,89062.0,9.3
Mississippi,426,0.01,1223,624,598,46,0.11,1280,623,657,0.83,0.87,0.89,83,0.19,1086,564,522,0.48,0.86,0.48,34,0.08,1189,610,579,0.71,0.91,0.71,211,0.5,1262,645,617,0.83,0.97,0.84,27,0.06,1253,646,607,0.74,0.93,0.74,23,0.05,1247,640,608,0.74,0.96,0.74,248,0.58,1191,612,579,0.69,0.9,0.71,174,0.41,1266,640,626,0.82,0.96,0.82,13,0.03,1272,651,622,0.85,1.0,0.85,11,0.03,1202,607,595,0.64,0.91,0.64,70,0.16,1179,599,580,0.66,0.87,0.67,26,0.06,1113,581,532,0.38,0.81,0.42,134,0.31,1242,636,606,0.8,0.95,0.81,148,0.35,1253,638,615,0.8,0.97,0.81,37,0.09,1199,609,590,0.76,0.89,0.78,20,0.05,1231,622,609,0.85,0.9,0.85,141,0.33,1260,642,617,0.82,0.97,0.82,218,0.51,1203,614,589,0.71,0.91,0.72,47,0.11,1198,618,580,0.64,0.89,0.66,72,0.17,1179,608,570,0.6,0.88,0.61,72,0.17,1179,608,570,0.6,0.88,0.61,76,0.18,1200,611,589,0.78,0.93,0.79,100,0.23,1263,643,620,0.83,0.96,0.84,66,0.15,1287,647,640,0.83,0.94,0.86,48,0.11,1219,621,598,0.73,0.94,0.73,0,0.0,0,0,0,0.0,0.0,0.0,0,0.0,0,0,0,0.0,0.0,0.0,87.1,25.1,56447.0,18.9
Missouri,2411,0.04,1174,600,575,332,0.14,1289,631,658,0.84,0.9,0.89,268,0.11,1040,537,502,0.35,0.73,0.36,247,0.1,1054,540,513,0.45,0.71,0.45,1245,0.52,1193,615,579,0.69,0.92,0.69,159,0.07,1204,621,583,0.69,0.92,0.69,154,0.06,1173,595,578,0.68,0.88,0.68,1235,0.51,1138,588,550,0.57,0.86,0.58,1144,0.47,1212,610,601,0.73,0.89,0.74,156,0.06,1197,607,590,0.73,0.9,0.74,80,0.03,948,483,465,0.21,0.49,0.24,310,0.13,1066,548,518,0.4,0.77,0.42,106,0.04,1057,550,508,0.35,0.75,0.36,705,0.29,1170,600,569,0.65,0.91,0.66,981,0.41,1245,633,613,0.79,0.93,0.79,229,0.09,1164,591,572,0.66,0.85,0.66,435,0.18,1143,585,558,0.62,0.8,0.63,1047,0.43,1220,618,603,0.74,0.91,0.75,308,0.13,1142,581,561,0.6,0.85,0.63,621,0.26,1135,589,546,0.52,0.87,0.53,252,0.1,1104,573,531,0.48,0.82,0.5,252,0.1,1104,573,531,0.48,0.82,0.5,306,0.13,1150,590,559,0.57,0.86,0.58,441,0.18,1182,607,575,0.67,0.9,0.68,1010,0.42,1244,631,613,0.78,0.94,0.79,253,0.1,1075,545,530,0.49,0.75,0.5,0,0.0,0,0,0,0.0,0.0,0.0,0,0.0,0,0,0,0.0,0.0,0.0,91.9,32.4,70702.0,12.6
Montana,485,0.05,1205,622,584,22,0.05,1219,604,615,0.73,0.86,0.77,0,0.0,0,0,0,0.0,0.0,0.0,27,0.06,1136,593,543,0.59,0.74,0.63,370,0.76,1215,627,587,0.76,0.95,0.76,24,0.05,1155,600,555,0.54,0.92,0.54,32,0.07,1229,632,597,0.81,0.84,0.84,273,0.56,1169,611,558,0.64,0.92,0.64,207,0.43,1251,634,618,0.86,0.94,0.86,36,0.07,1190,609,581,0.72,0.89,0.75,0,0.0,0,0,0,0.0,0.0,0.0,55,0.11,1085,558,527,0.4,0.8,0.42,23,0.05,1160,609,550,0.61,0.91,0.61,148,0.31,1225,630,595,0.82,0.97,0.82,218,0.45,1241,642,599,0.81,0.97,0.81,39,0.08,1121,569,552,0.54,0.69,0.59,201,0.41,1255,647,608,0.82,0.97,0.83,0,0.0,0,0,0,0.0,0.0,0.0,219,0.45,1168,598,570,0.68,0.88,0.69,63,0.13,1176,622,554,0.65,0.95,0.65,52,0.11,1203,630,573,0.67,0.94,0.67,52,0.11,1203,630,573,0.67,0.94,0.67,114,0.24,1195,618,577,0.72,0.95,0.72,186,0.38,1244,641,604,0.8,0.97,0.8,68,0.14,1225,627,598,0.82,0.94,0.85,47,0.1,1060,543,517,0.49,0.66,0.51,0,0.0,0,0,0,0.0,0.0,0.0,0,0.0,0,0,0,0.0,0.0,0.0,94.6,35.2,72509.0,11.5
Nebraska,357,0.01,1249,630,619,74,0.21,1320,646,674,0.86,0.93,0.91,18,0.05,1154,588,566,0.5,0.89,0.5,26,0.07,1183,603,579,0.69,0.92,0.73,196,0.55,1246,635,611,0.79,0.94,0.81,19,0.05,1213,619,593,0.74,0.84,0.74,24,0.07,1220,607,614,0.75,0.83,0.79,181,0.51,1223,626,597,0.71,0.92,0.73,169,0.47,1275,632,643,0.86,0.93,0.88,17,0.05,1122,578,545,0.71,0.88,0.71,14,0.04,1136,556,580,0.64,0.79,0.71,35,0.1,1158,594,564,0.63,0.86,0.66,16,0.04,1171,601,570,0.56,0.94,0.63,117,0.33,1223,616,608,0.74,0.9,0.77,151,0.42,1315,661,654,0.89,0.97,0.9,24,0.07,1200,615,585,0.71,0.92,0.71,224,0.63,1269,641,628,0.8,0.95,0.81,46,0.13,1236,620,616,0.78,0.91,0.78,56,0.16,1207,602,605,0.77,0.88,0.84,31,0.09,1198,616,583,0.61,0.87,0.68,25,0.07,1180,591,589,0.6,0.8,0.72,25,0.07,1180,591,589,0.6,0.8,0.72,40,0.11,1190,611,580,0.68,0.88,0.7,87,0.24,1241,631,610,0.77,0.94,0.79,163,0.46,1295,651,643,0.85,0.97,0.85,37,0.1,1185,584,602,0.73,0.84,0.78,0,0.0,0,0,0,0.0,0.0,0.0,0,0.0,0,0,0,0.0,0.0,0.0,92.2,34.6,76475.0,10.6
Nevada,2378,0.07,1177,601,576,474,0.2,1259,630,628,0.81,0.95,0.82,147,0.06,1088,563,525,0.44,0.84,0.44,541,0.23,1103,568,535,0.51,0.82,0.51,883,0.37,1186,607,579,0.69,0.93,0.69,239,0.1,1192,614,578,0.65,0.93,0.65,78,0.03,1235,629,606,0.69,0.9,0.71,1177,0.49,1164,600,564,0.61,0.9,0.62,1182,0.5,1187,600,586,0.68,0.9,0.69,121,0.05,1216,617,599,0.73,0.94,0.74,101,0.04,1086,546,540,0.48,0.74,0.5,449,0.19,1121,573,549,0.52,0.82,0.53,95,0.04,1135,585,551,0.56,0.93,0.57,747,0.31,1172,601,571,0.65,0.91,0.66,691,0.29,1245,634,611,0.79,0.96,0.79,295,0.12,1154,588,566,0.6,0.88,0.6,1127,0.47,1200,611,590,0.69,0.91,0.7,727,0.31,1148,587,560,0.6,0.89,0.61,263,0.11,1195,614,581,0.71,0.95,0.71,261,0.11,1135,584,551,0.54,0.81,0.54,194,0.08,1148,590,558,0.58,0.87,0.58,194,0.08,1148,590,558,0.58,0.87,0.58,385,0.16,1167,598,569,0.59,0.89,0.59,792,0.33,1179,604,576,0.66,0.91,0.67,665,0.28,1222,621,601,0.76,0.94,0.77,215,0.09,1102,559,543,0.5,0.77,0.52,0,0.0,0,0,0,0.0,0.0,0.0,12,0.01,1003,508,495,0.42,0.5,0.42,87.5,27.9,78260.0,12.4
New Hampshire,12514,0.76,1017,523,495,528,0.04,1207,595,611,0.67,0.81,0.7,266,0.02,985,507,478,0.29,0.57,0.3,967,0.08,967,497,469,0.23,0.56,0.24,8038,0.64,1030,531,500,0.36,0.7,0.37,430,0.03,1066,548,518,0.43,0.71,0.43,2213,0.18,946,486,460,0.22,0.53,0.22,6094,0.49,1014,525,489,0.31,0.67,0.32,6343,0.51,1019,519,500,0.36,0.64,0.37,3242,0.26,1000,515,485,0.32,0.66,0.32,377,0.03,855,434,421,0.09,0.31,0.1,1844,0.15,953,493,460,0.2,0.57,0.21,414,0.03,1008,520,487,0.31,0.7,0.32,2925,0.23,1074,551,523,0.44,0.78,0.45,2218,0.18,1174,599,576,0.63,0.88,0.64,4736,0.38,948,488,460,0.22,0.54,0.23,1542,0.12,983,506,477,0.28,0.59,0.29,4361,0.35,1029,528,501,0.35,0.67,0.36,6234,0.5,1014,521,493,0.33,0.66,0.34,377,0.03,1083,557,526,0.47,0.77,0.49,369,0.03,949,488,461,0.21,0.57,0.22,369,0.03,949,488,461,0.21,0.57,0.22,1200,0.1,995,514,481,0.29,0.65,0.29,2762,0.22,1048,538,510,0.4,0.72,0.42,4389,0.35,1097,561,536,0.48,0.79,0.49,3668,0.29,915,472,443,0.15,0.47,0.16,66,0.01,883,455,429,0.15,0.41,0.17,0,0.0,0,0,0,0.0,0.0,0.0,94.4,40.6,99031.0,7.2
New Jersey,73197,0.66,1061,538,523,10010,0.14,1269,627,642,0.8,0.91,0.82,8127,0.11,928,478,450,0.21,0.5,0.22,22881,0.31,936,477,459,0.25,0.5,0.26,26209,0.36,1128,574,553,0.57,0.85,0.58,2539,0.03,1130,577,553,0.55,0.82,0.55,3302,0.05,1053,532,521,0.46,0.65,0.47,37592,0.51,1049,536,513,0.42,0.7,0.43,35253,0.48,1072,540,533,0.49,0.7,0.51,6169,0.08,1010,511,499,0.37,0.61,0.39,5128,0.07,869,438,431,0.17,0.35,0.18,14237,0.19,965,493,472,0.28,0.57,0.29,2777,0.04,1018,523,495,0.36,0.71,0.37,18826,0.26,1119,568,551,0.55,0.83,0.56,18077,0.25,1195,603,592,0.68,0.88,0.69,14152,0.19,989,501,487,0.34,0.58,0.36,8136,0.11,891,451,439,0.2,0.39,0.22,54600,0.75,1080,548,532,0.48,0.74,0.5,7231,0.1,1115,566,549,0.53,0.8,0.54,3230,0.04,1053,539,514,0.44,0.71,0.45,3978,0.05,925,471,453,0.22,0.48,0.24,3978,0.05,925,471,453,0.22,0.48,0.24,4315,0.06,997,510,486,0.32,0.63,0.33,11104,0.15,1066,545,521,0.43,0.76,0.44,34953,0.48,1180,596,584,0.66,0.89,0.67,14250,0.19,880,447,432,0.18,0.39,0.19,96,0.0,877,437,439,0.18,0.35,0.18,33,0.0,968,495,474,0.33,0.55,0.33,90.7,43.6,103556.0,9.7
New Mexico,23439,1.0,875,451,424,410,0.02,1077,537,540,0.47,0.68,0.5,421,0.02,860,448,412,0.11,0.38,0.12,14396,0.61,847,437,410,0.08,0.32,0.09,4741,0.2,968,502,466,0.25,0.58,0.26,415,0.02,1005,523,482,0.3,0.65,0.31,413,0.02,901,459,442,0.2,0.38,0.21,11500,0.49,874,453,421,0.1,0.37,0.11,11832,0.5,873,448,426,0.14,0.36,0.15,3228,0.14,869,446,423,0.13,0.38,0.13,2790,0.12,789,404,385,0.03,0.18,0.04,6982,0.3,847,438,410,0.07,0.31,0.07,1382,0.06,896,462,434,0.12,0.42,0.12,3860,0.16,953,493,460,0.21,0.56,0.22,2701,0.12,1023,528,495,0.36,0.65,0.37,5724,0.24,822,423,399,0.07,0.26,0.08,8533,0.36,901,465,436,0.16,0.43,0.17,2371,0.1,869,448,421,0.12,0.35,0.12,12236,0.52,853,439,413,0.09,0.33,0.1,299,0.01,1085,551,534,0.49,0.77,0.53,3875,0.17,878,454,424,0.11,0.38,0.12,3875,0.17,878,454,424,0.11,0.38,0.12,2909,0.12,928,480,449,0.18,0.5,0.19,2190,0.09,972,503,469,0.26,0.59,0.27,1077,0.05,1082,556,526,0.46,0.75,0.47,7996,0.34,818,421,397,0.06,0.25,0.07,2617,0.11,806,410,396,0.03,0.19,0.04,26,0.0,867,448,419,0.12,0.38,0.12,88.0,31.0,64059.0,17.8
New York,127054,0.62,1045,527,518,18350,0.14,1174,575,599,0.66,0.79,0.71,17419,0.14,923,473,450,0.2,0.47,0.21,37148,0.29,942,478,463,0.25,0.5,0.26,40147,0.32,1144,578,566,0.63,0.86,0.65,4122,0.03,1137,577,560,0.58,0.8,0.59,9478,0.07,979,493,486,0.33,0.52,0.35,64676,0.51,1038,527,511,0.41,0.66,0.43,61484,0.48,1052,526,525,0.46,0.65,0.49,21015,0.17,967,488,479,0.29,0.52,0.31,10229,0.08,939,469,470,0.26,0.45,0.29,23141,0.18,994,503,491,0.33,0.59,0.35,5365,0.04,1039,528,511,0.42,0.7,0.43,25332,0.2,1111,561,550,0.56,0.8,0.58,27077,0.21,1180,595,585,0.68,0.87,0.69,35910,0.28,963,484,478,0.3,0.51,0.32,69199,0.54,977,493,484,0.31,0.52,0.33,39483,0.31,1127,567,560,0.6,0.82,0.62,11339,0.09,1119,566,553,0.6,0.85,0.62,7033,0.06,1140,579,561,0.57,0.8,0.58,9256,0.07,1021,514,507,0.39,0.63,0.41,9256,0.07,1021,514,507,0.39,0.63,0.41,12140,0.1,1055,532,523,0.46,0.7,0.48,19340,0.15,1088,550,538,0.51,0.76,0.53,38506,0.3,1169,588,581,0.66,0.86,0.68,36107,0.28,925,467,458,0.23,0.44,0.25,277,0.0,904,449,454,0.2,0.42,0.23,113,0.0,923,464,459,0.2,0.42,0.21,88.0,40.2,85974.0,14.0
North Carolina,26598,0.22,1165,590,575,3041,0.11,1294,636,658,0.87,0.94,0.89,3228,0.12,1035,529,506,0.38,0.71,0.39,2804,0.11,1119,569,550,0.56,0.85,0.58,15337,0.58,1174,597,577,0.7,0.92,0.71,1275,0.05,1177,600,577,0.67,0.92,0.68,825,0.03,1184,602,582,0.66,0.85,0.67,14068,0.53,1148,587,561,0.62,0.89,0.63,12361,0.46,1183,593,590,0.71,0.89,0.72,906,0.03,1168,591,577,0.65,0.85,0.67,0,0.0,0,0,0,0.0,0.0,0.0,0,0.0,0,0,0,0.0,0.0,0.0,1206,0.05,1079,551,527,0.48,0.8,0.5,0,0.0,0,0,0,0.0,0.0,0.0,10126,0.38,1218,616,601,0.76,0.93,0.77,2149,0.08,1140,577,563,0.6,0.83,0.62,11703,0.44,1193,603,590,0.71,0.91,0.72,6623,0.25,1158,585,573,0.67,0.89,0.69,5788,0.22,1120,569,551,0.58,0.86,0.6,1440,0.05,1099,558,541,0.52,0.8,0.54,0,0.0,0,0,0,0.0,0.0,0.0,0,0.0,0,0,0,0.0,0.0,0.0,0,0.0,0,0,0,0.0,0.0,0.0,0,0.0,0,0,0,0.0,0.0,0.0,0,0.0,0,0,0,0.0,0.0,0.0,0,0.0,0,0,0,0.0,0.0,0.0,75,0.0,1065,550,515,0.47,0.79,0.47,13,0.0,1108,565,543,0.38,0.85,0.38,90.1,35.7,72388.0,13.0
North Dakota,80,0.01,1254,631,623,10,0.13,1342,668,674,0.9,1.0,0.9,12,0.15,1220,617,603,0.67,0.92,0.67,0,0.0,0,0,0,0.0,0.0,0.0,44,0.55,1269,637,632,0.77,0.89,0.82,0,0.0,0,0,0,0.0,0.0,0.0,0,0.0,0,0,0,0.0,0.0,0.0,35,0.44,1229,618,611,0.71,0.91,0.77,45,0.56,1273,640,633,0.76,0.91,0.76,0,0.0,0,0,0,0.0,0.0,0.0,0,0.0,0,0,0,0.0,0.0,0.0,13,0.16,1212,587,625,0.69,0.85,0.77,0,0.0,0,0,0,0.0,0.0,0.0,21,0.26,1233,628,606,0.76,0.95,0.76,34,0.43,1329,667,662,0.85,0.91,0.88,0,0.0,0,0,0,0.0,0.0,0.0,44,0.55,1297,650,647,0.82,0.95,0.82,13,0.16,1215,606,608,0.69,0.85,0.77,17,0.21,1156,581,576,0.53,0.82,0.59,0,0.0,0,0,0,0.0,0.0,0.0,0,0.0,0,0,0,0.0,0.0,0.0,0,0.0,0,0,0,0.0,0.0,0.0,12,0.15,1313,663,649,0.75,1.0,0.75,35,0.44,1264,640,624,0.86,0.89,0.86,19,0.24,1264,627,637,0.68,0.89,0.74,0,0.0,0,0,0,0.0,0.0,0.0,0,0.0,0,0,0,0.0,0.0,0.0,0,0.0,0,0,0,0.0,0.0,0.0,94.0,32.7,76657.0,10.8
Ohio,28070,0.2,1018,515,503,1801,0.06,1224,600,624,0.74,0.83,0.78,5741,0.2,846,432,414,0.11,0.32,0.12,2999,0.11,915,463,452,0.21,0.43,0.23,14730,0.52,1085,549,536,0.51,0.75,0.53,1608,0.06,1019,520,499,0.37,0.63,0.38,1090,0.04,961,484,476,0.31,0.49,0.32,13773,0.49,1010,515,495,0.37,0.61,0.38,14155,0.5,1023,514,510,0.42,0.61,0.44,3454,0.12,985,499,486,0.34,0.57,0.36,0,0.0,0,0,0,0.0,0.0,0.0,0,0.0,0,0,0,0.0,0.0,0.0,1128,0.04,977,497,480,0.29,0.57,0.31,0,0.0,0,0,0,0.0,0.0,0.0,5834,0.21,1189,600,588,0.7,0.86,0.71,6881,0.25,923,467,456,0.24,0.45,0.25,7494,0.27,874,447,427,0.17,0.37,0.18,15730,0.56,1070,539,531,0.48,0.7,0.5,3344,0.12,1059,533,526,0.47,0.7,0.49,6251,0.22,870,442,428,0.15,0.35,0.16,0,0.0,0,0,0,0.0,0.0,0.0,0,0.0,0,0,0,0.0,0.0,0.0,0,0.0,0,0,0,0.0,0.0,0.0,0,0.0,0,0,0,0.0,0.0,0.0,0,0.0,0,0,0,0.0,0.0,0.0,0,0.0,0,0,0,0.0,0.0,0.0,86,0.0,917,461,456,0.27,0.5,0.27,15,0.0,877,441,437,0.27,0.4,0.27,91.8,31.5,71389.0,13.3
Oklahoma,1257,0.02,1150,590,560,164,0.13,1261,627,635,0.82,0.93,0.85,76,0.06,986,514,471,0.21,0.68,0.21,219,0.17,1056,542,513,0.42,0.73,0.43,568,0.45,1179,608,571,0.64,0.9,0.65,134,0.11,1187,616,571,0.64,0.93,0.65,49,0.04,1117,579,538,0.51,0.84,0.53,650,0.52,1122,582,540,0.52,0.86,0.53,596,0.47,1179,598,581,0.65,0.86,0.66,65,0.05,1138,585,553,0.58,0.82,0.6,70,0.06,1023,521,502,0.4,0.69,0.4,175,0.14,1032,533,499,0.37,0.7,0.39,61,0.05,1116,574,541,0.49,0.87,0.49,372,0.3,1149,590,559,0.58,0.89,0.59,448,0.36,1241,636,605,0.76,0.94,0.77,131,0.1,1085,556,530,0.46,0.79,0.49,521,0.41,1121,573,548,0.54,0.81,0.55,378,0.3,1164,597,567,0.63,0.87,0.63,175,0.14,1147,589,557,0.54,0.89,0.58,183,0.15,1208,626,583,0.68,0.95,0.68,109,0.09,1106,573,533,0.49,0.85,0.5,109,0.09,1106,573,533,0.49,0.85,0.5,201,0.16,1147,591,556,0.62,0.85,0.63,306,0.24,1175,604,571,0.62,0.91,0.62,374,0.3,1218,622,596,0.73,0.93,0.74,123,0.1,1061,543,518,0.41,0.72,0.44,47,0.04,1059,539,521,0.4,0.79,0.4,0,0.0,0,0,0,0.0,0.0,0.0,89.4,28.3,65039.0,15.3
Oregon,10192,0.24,1127,581,546,1060,0.1,1223,606,617,0.72,0.87,0.75,304,0.03,938,486,452,0.21,0.51,0.22,1554,0.15,1010,521,489,0.32,0.66,0.33,5977,0.59,1148,596,552,0.58,0.9,0.59,812,0.08,1147,593,554,0.58,0.88,0.58,401,0.04,1151,590,561,0.59,0.84,0.6,5136,0.5,1102,574,528,0.48,0.83,0.49,4873,0.48,1151,587,564,0.61,0.85,0.62,1036,0.1,1076,559,517,0.42,0.79,0.43,403,0.04,933,477,456,0.2,0.52,0.21,1469,0.14,1015,526,489,0.3,0.69,0.31,393,0.04,1078,559,518,0.42,0.8,0.42,3133,0.31,1137,588,549,0.56,0.9,0.57,3318,0.33,1229,631,597,0.75,0.95,0.76,1476,0.14,1056,544,512,0.42,0.73,0.43,5517,0.54,1122,580,541,0.53,0.83,0.54,1700,0.17,1194,608,586,0.69,0.9,0.7,2368,0.23,1078,556,522,0.45,0.8,0.46,607,0.06,1180,613,567,0.61,0.91,0.62,1006,0.1,1058,546,512,0.4,0.76,0.42,1006,0.1,1058,546,512,0.4,0.76,0.42,1307,0.13,1083,562,521,0.45,0.81,0.46,2310,0.23,1147,592,555,0.59,0.89,0.6,3515,0.34,1214,623,591,0.71,0.94,0.71,1778,0.17,1014,525,489,0.33,0.67,0.34,46,0.0,994,512,482,0.39,0.72,0.39,38,0.0,931,483,448,0.16,0.45,0.18,91.8,36.8,83011.0,11.9
Pennsylvania,63879,0.47,1084,555,529,5203,0.08,1220,603,617,0.72,0.85,0.75,7226,0.11,897,466,432,0.15,0.45,0.16,6873,0.11,966,498,468,0.27,0.58,0.28,39157,0.61,1121,575,547,0.56,0.87,0.57,2623,0.04,1101,566,535,0.5,0.81,0.5,2668,0.04,1065,545,520,0.47,0.72,0.48,33739,0.53,1065,550,515,0.43,0.77,0.44,29734,0.47,1104,559,544,0.54,0.79,0.56,4097,0.06,1045,534,510,0.44,0.69,0.45,2370,0.04,912,462,450,0.22,0.44,0.24,11462,0.18,996,514,482,0.3,0.66,0.31,3240,0.05,1037,534,503,0.37,0.75,0.38,19965,0.31,1109,568,541,0.54,0.85,0.55,18257,0.29,1177,600,578,0.66,0.9,0.67,8585,0.13,1008,515,493,0.36,0.63,0.38,13638,0.21,940,484,456,0.25,0.51,0.25,32911,0.52,1133,578,555,0.57,0.86,0.58,13927,0.22,1096,562,534,0.5,0.84,0.51,3403,0.05,1131,584,547,0.55,0.84,0.56,6376,0.1,1032,531,501,0.38,0.72,0.39,6376,0.1,1032,531,501,0.38,0.72,0.39,9982,0.16,1075,553,522,0.45,0.8,0.47,14458,0.23,1110,569,542,0.53,0.85,0.54,20684,0.32,1180,599,580,0.67,0.91,0.67,6768,0.11,941,484,457,0.25,0.52,0.26,102,0.0,998,513,485,0.27,0.7,0.29,27,0.0,1007,521,486,0.3,0.7,0.3,92.1,35.2,77971.0,11.7
Puerto-Rico,3277,0.0,1012,530,481,0,0.0,0,0,0,0.0,0.0,0.0,0,0.0,0,0,0,0.0,0.0,0.0,0,0.0,0,0,0,0.0,0.0,0.0,0,0.0,0,0,0,0.0,0.0,0.0,0,0.0,0,0,0,0.0,0.0,0.0,0,0.0,0,0,0,0.0,0.0,0.0,1673,0.51,1001,530,471,0.23,0.71,0.23,1500,0.49,1022,530,491,0.33,0.7,0.33,0,0.0,0,0,0,0.0,0.0,0.0,0,0.0,0,0,0,0.0,0.0,0.0,0,0.0,0,0,0,0.0,0.0,0.0,0,0.0,0,0,0,0.0,0.0,0.0,0,0.0,0,0,0,0.0,0.0,0.0,0,0.0,0,0,0,0.0,0.0,0.0,0,0.0,0,0,0,0.0,0.0,0.0,48,0.01,907,486,421,0.08,0.56,0.08,129,0.04,915,483,432,0.12,0.48,0.12,66,0.02,1042,539,503,0.39,0.71,0.39,3034,0.93,1017,533,484,0.29,0.72,0.29,130,0.04,1041,550,491,0.3,0.8,0.31,130,0.04,1041,550,491,0.3,0.8,0.31,124,0.04,1111,579,532,0.48,0.85,0.5,68,0.02,1092,574,518,0.47,0.87,0.47,16,0.0,1146,608,538,0.63,1.0,0.63,1580,0.48,1018,531,486,0.31,0.72,0.31,0,0.0,0,0,0,0.0,0.0,0.0,0,0.0,0,0,0,0.0,0.0,0.0,,,,
Rhode Island,11429,0.99,935,481,455,407,0.04,1077,540,537,0.47,0.67,0.49,1094,0.1,831,428,403,0.08,0.31,0.09,1820,0.16,876,451,425,0.16,0.43,0.17,5759,0.5,1001,516,485,0.33,0.64,0.33,496,0.04,1010,520,490,0.36,0.62,0.37,1769,0.15,800,409,391,0.07,0.24,0.07,5510,0.48,941,487,454,0.23,0.53,0.24,5827,0.51,927,473,454,0.25,0.49,0.26,1042,0.09,859,442,417,0.16,0.4,0.16,1217,0.11,782,397,385,0.06,0.2,0.06,3171,0.28,888,458,429,0.14,0.43,0.15,541,0.05,948,489,459,0.21,0.55,0.23,2738,0.24,1027,528,499,0.36,0.7,0.37,1795,0.16,1097,562,535,0.51,0.77,0.51,1967,0.17,828,425,403,0.11,0.32,0.11,3229,0.28,876,452,424,0.17,0.4,0.18,6888,0.6,950,487,463,0.25,0.53,0.26,936,0.08,975,504,472,0.27,0.62,0.28,376,0.03,1060,544,516,0.49,0.75,0.49,807,0.07,869,447,422,0.14,0.39,0.15,807,0.07,869,447,422,0.14,0.39,0.15,1253,0.11,927,478,449,0.21,0.51,0.21,2882,0.25,987,509,478,0.28,0.63,0.29,2437,0.21,1097,562,535,0.5,0.78,0.51,3203,0.28,812,417,395,0.08,0.28,0.08,74,0.01,750,381,369,0.04,0.16,0.04,10,0.0,798,417,381,0.2,0.4,0.2,89.7,37.7,87796.0,11.2
South Carolina,30772,0.53,1017,524,493,1000,0.03,1159,577,582,0.63,0.81,0.65,6367,0.21,900,463,437,0.12,0.43,0.13,3831,0.12,974,499,474,0.25,0.58,0.26,16887,0.55,1065,550,515,0.42,0.78,0.43,1485,0.05,1030,532,497,0.34,0.72,0.35,1080,0.04,974,502,472,0.27,0.57,0.28,16480,0.54,1006,522,484,0.3,0.67,0.3,14200,0.46,1029,525,504,0.38,0.67,0.39,2164,0.07,999,514,485,0.32,0.64,0.33,1508,0.05,898,457,441,0.14,0.4,0.15,6741,0.22,958,494,464,0.21,0.56,0.22,2168,0.07,985,509,476,0.25,0.64,0.26,9482,0.31,1055,544,511,0.4,0.76,0.42,6375,0.21,1112,572,540,0.53,0.83,0.54,4498,0.15,946,486,459,0.2,0.53,0.21,6293,0.2,1035,531,503,0.38,0.69,0.39,13011,0.42,1025,528,498,0.35,0.69,0.36,9912,0.32,986,508,478,0.27,0.62,0.28,1556,0.05,1073,561,511,0.41,0.79,0.41,5498,0.18,1000,516,484,0.29,0.65,0.3,5498,0.18,1000,516,484,0.29,0.65,0.3,4729,0.15,1033,533,500,0.35,0.72,0.36,6638,0.22,1073,553,521,0.44,0.78,0.45,4477,0.15,1114,571,542,0.55,0.84,0.55,6253,0.2,919,473,446,0.16,0.47,0.17,99,0.0,936,478,458,0.19,0.51,0.19,23,0.0,950,483,467,0.17,0.48,0.22,90.1,32.1,69324.0,14.1
South Dakota,161,0.02,1214,619,595,12,0.07,1263,613,650,0.83,0.83,0.92,0,0.0,0,0,0,0.0,0.0,0.0,11,0.07,1162,586,575,0.64,0.91,0.64,110,0.68,1221,625,596,0.76,0.95,0.77,13,0.08,1152,582,570,0.77,0.92,0.77,0,0.0,0,0,0,0.0,0.0,0.0,97,0.6,1198,614,584,0.71,0.93,0.73,64,0.4,1238,627,612,0.83,0.95,0.83,0,0.0,0,0,0,0.0,0.0,0.0,0,0.0,0,0,0,0.0,0.0,0.0,22,0.14,1129,585,545,0.59,0.95,0.59,0,0.0,0,0,0,0.0,0.0,0.0,64,0.4,1220,625,594,0.8,0.94,0.81,48,0.3,1277,644,633,0.88,1.0,0.88,15,0.09,1261,647,614,0.8,0.87,0.87,80,0.5,1232,624,608,0.84,0.96,0.84,0,0.0,0,0,0,0.0,0.0,0.0,66,0.41,1192,611,581,0.68,0.89,0.71,13,0.08,1181,618,563,0.62,1.0,0.62,14,0.09,1202,601,601,0.64,0.86,0.64,14,0.09,1202,601,601,0.64,0.86,0.64,47,0.29,1205,620,585,0.74,0.94,0.74,51,0.32,1224,629,595,0.78,0.96,0.8,38,0.24,1239,625,614,0.87,0.97,0.87,0,0.0,0,0,0,0.0,0.0,0.0,0,0.0,0,0,0,0.0,0.0,0.0,0,0.0,0,0,0,0.0,0.0,0.0,93.2,31.9,75081.0,11.9
Tennessee,3100,0.04,1189,608,581,358,0.12,1307,642,664,0.86,0.93,0.89,250,0.08,1107,573,534,0.48,0.83,0.48,272,0.09,1139,587,552,0.58,0.85,0.58,1841,0.59,1192,613,579,0.71,0.92,0.71,152,0.05,1216,626,590,0.72,0.91,0.72,215,0.07,1114,567,547,0.58,0.75,0.6,1550,0.5,1172,605,567,0.66,0.91,0.66,1532,0.49,1205,611,594,0.72,0.89,0.73,232,0.07,1124,576,548,0.61,0.77,0.61,48,0.02,1017,502,516,0.44,0.54,0.46,258,0.08,1089,558,531,0.49,0.78,0.52,104,0.03,1111,575,536,0.57,0.87,0.58,985,0.32,1192,612,581,0.7,0.94,0.71,1310,0.42,1253,640,613,0.79,0.96,0.8,395,0.13,1074,549,525,0.5,0.73,0.5,1142,0.37,1209,617,592,0.72,0.91,0.72,684,0.22,1220,618,602,0.75,0.9,0.76,488,0.16,1122,577,546,0.59,0.83,0.6,786,0.25,1175,606,568,0.65,0.92,0.66,276,0.09,1157,598,559,0.59,0.89,0.59,276,0.09,1157,598,559,0.59,0.89,0.59,357,0.12,1168,600,568,0.64,0.91,0.64,528,0.17,1188,607,580,0.7,0.92,0.71,1334,0.43,1256,640,615,0.81,0.96,0.81,411,0.13,1052,538,514,0.47,0.7,0.49,0,0.0,0,0,0,0.0,0.0,0.0,0,0.0,0,0,0,0.0,0.0,0.0,90.0,31.1,69595.0,13.8
Texas,301020,0.74,964,490,474,20593,0.07,1202,595,607,0.71,0.84,0.74,36094,0.12,887,453,434,0.15,0.4,0.16,148519,0.49,904,459,445,0.18,0.43,0.19,75319,0.25,1054,539,516,0.44,0.73,0.45,9771,0.03,1033,528,505,0.39,0.68,0.4,9257,0.03,908,460,447,0.22,0.42,0.23,151812,0.5,963,493,470,0.26,0.55,0.27,148231,0.49,965,486,478,0.31,0.53,0.32,35910,0.12,945,480,465,0.26,0.52,0.27,31035,0.1,852,429,423,0.11,0.31,0.13,74872,0.25,915,466,449,0.18,0.46,0.19,15163,0.05,957,489,468,0.23,0.55,0.25,67448,0.22,1050,535,515,0.43,0.72,0.44,45063,0.15,1115,566,549,0.55,0.78,0.56,67439,0.22,887,449,438,0.17,0.39,0.18,127836,0.42,942,479,463,0.25,0.49,0.26,107323,0.36,992,502,490,0.34,0.58,0.35,58025,0.19,945,482,463,0.23,0.53,0.25,7836,0.03,1092,562,531,0.48,0.78,0.49,34560,0.11,926,471,455,0.2,0.48,0.22,34560,0.11,926,471,455,0.2,0.48,0.22,35944,0.12,959,489,470,0.25,0.54,0.27,50559,0.17,1003,512,491,0.33,0.63,0.35,68195,0.23,1123,569,554,0.57,0.81,0.58,71705,0.24,854,433,421,0.11,0.33,0.12,1077,0.0,902,457,445,0.2,0.43,0.22,390,0.0,922,467,455,0.22,0.47,0.23,86.0,33.8,78476.0,13.8
US Virgin Islands,554,0.0,984,511,473,0,0.0,0,0,0,0.0,0.0,0.0,0,0.0,0,0,0,0.0,0.0,0.0,0,0.0,0,0,0,0.0,0.0,0.0,0,0.0,0,0,0,0.0,0.0,0.0,0,0.0,0,0,0,0.0,0.0,0.0,0,0.0,0,0,0,0.0,0.0,0.0,314,0.57,936,492,444,0.17,0.5,0.17,239,0.43,1048,536,512,0.35,0.67,0.36,0,0.0,0,0,0,0.0,0.0,0.0,0,0.0,0,0,0,0.0,0.0,0.0,0,0.0,0,0,0,0.0,0.0,0.0,0,0.0,0,0,0,0.0,0.0,0.0,0,0.0,0,0,0,0.0,0.0,0.0,0,0.0,0,0,0,0.0,0.0,0.0,0,0.0,0,0,0,0.0,0.0,0.0,0,0.0,0,0,0,0.0,0.0,0.0,0,0.0,0,0,0,0.0,0.0,0.0,340,0.61,870,464,406,0.04,0.41,0.05,214,0.39,1166,586,580,0.57,0.84,0.58,0,0.0,0,0,0,0.0,0.0,0.0,0,0.0,0,0,0,0.0,0.0,0.0,0,0.0,0,0,0,0.0,0.0,0.0,0,0.0,0,0,0,0.0,0.0,0.0,0,0.0,0,0,0,0.0,0.0,0.0,0,0.0,0,0,0,0.0,0.0,0.0,0,0.0,0,0,0,0.0,0.0,0.0,0,0.0,0,0,0,0.0,0.0,0.0,,,,
Utah,867,0.02,1229,622,606,132,0.15,1301,634,667,0.87,0.92,0.91,24,0.03,1122,571,551,0.63,0.88,0.63,95,0.11,1099,562,537,0.53,0.78,0.53,494,0.57,1243,635,608,0.81,0.97,0.81,53,0.06,1314,662,652,0.92,1.0,0.92,60,0.07,1172,598,574,0.67,0.88,0.7,391,0.45,1206,619,587,0.72,0.92,0.73,461,0.53,1246,624,622,0.81,0.93,0.82,45,0.05,1253,632,620,0.76,0.89,0.78,14,0.02,1040,514,526,0.43,0.71,0.43,73,0.08,1121,567,554,0.58,0.75,0.6,22,0.03,1181,594,587,0.68,0.86,0.68,267,0.31,1194,606,588,0.74,0.94,0.75,420,0.48,1286,652,634,0.86,0.98,0.86,71,0.08,1179,591,588,0.66,0.83,0.72,230,0.27,1285,652,633,0.88,0.98,0.9,344,0.4,1254,636,619,0.81,0.96,0.81,123,0.14,1202,613,590,0.76,0.95,0.76,170,0.2,1119,562,557,0.56,0.77,0.59,39,0.04,1146,586,561,0.59,0.82,0.59,39,0.04,1146,586,561,0.59,0.82,0.59,77,0.09,1202,611,591,0.75,0.92,0.75,213,0.25,1233,625,608,0.78,0.94,0.79,445,0.51,1253,634,619,0.82,0.95,0.83,82,0.09,1160,582,577,0.66,0.83,0.67,0,0.0,0,0,0,0.0,0.0,0.0,0,0.0,0,0,0,0.0,0.0,0.0,93.4,37.7,95166.0,8.5
Vermont,2857,0.49,1115,576,539,101,0.04,1163,567,596,0.6,0.8,0.69,66,0.02,1009,526,483,0.26,0.71,0.26,115,0.04,1103,567,537,0.53,0.82,0.54,2273,0.8,1120,580,540,0.52,0.86,0.53,113,0.04,1098,572,527,0.43,0.81,0.44,175,0.06,1101,566,535,0.46,0.78,0.48,1475,0.52,1096,571,525,0.46,0.83,0.47,1326,0.46,1134,579,554,0.57,0.85,0.58,397,0.14,1117,578,539,0.52,0.88,0.52,41,0.01,954,473,481,0.17,0.46,0.24,402,0.14,1033,536,496,0.32,0.75,0.32,129,0.05,1048,538,510,0.42,0.78,0.43,953,0.33,1113,576,537,0.52,0.86,0.53,975,0.34,1184,612,573,0.65,0.93,0.66,357,0.12,1066,549,517,0.42,0.73,0.43,267,0.09,1133,584,550,0.54,0.89,0.55,142,0.05,1198,609,589,0.74,0.92,0.75,1999,0.7,1101,569,532,0.49,0.83,0.5,449,0.16,1140,593,547,0.54,0.86,0.55,287,0.1,1078,554,524,0.45,0.77,0.46,287,0.1,1078,554,524,0.45,0.77,0.46,483,0.17,1121,585,536,0.51,0.88,0.52,1093,0.38,1140,587,553,0.57,0.88,0.58,437,0.15,1173,606,567,0.63,0.92,0.64,539,0.19,1033,534,499,0.33,0.71,0.35,12,0.0,973,498,474,0.25,0.58,0.25,0,0.0,0,0,0,0.0,0.0,0.0,94.9,43.8,81203.0,10.1
Virginia,49936,0.48,1112,567,544,6216,0.12,1232,611,621,0.76,0.89,0.78,7867,0.16,980,503,478,0.26,0.61,0.28,8037,0.16,1013,516,496,0.35,0.65,0.36,22192,0.44,1155,593,561,0.62,0.9,0.62,3381,0.07,1135,582,553,0.55,0.85,0.56,2098,0.04,1136,578,558,0.56,0.78,0.57,25464,0.51,1095,564,531,0.48,0.8,0.49,24028,0.48,1128,570,558,0.58,0.8,0.59,3827,0.08,1096,558,538,0.5,0.76,0.51,1772,0.04,934,470,464,0.22,0.48,0.24,7309,0.15,1012,517,494,0.34,0.67,0.35,1859,0.04,1040,537,503,0.37,0.76,0.38,14509,0.29,1126,576,550,0.56,0.86,0.57,15882,0.32,1207,616,592,0.71,0.92,0.72,8605,0.17,1047,532,514,0.41,0.69,0.42,10552,0.21,1123,572,551,0.55,0.8,0.56,26227,0.53,1109,563,546,0.53,0.79,0.54,10559,0.21,1092,562,530,0.48,0.83,0.49,2598,0.05,1171,608,563,0.61,0.91,0.61,3030,0.06,1034,531,503,0.37,0.72,0.38,3030,0.06,1034,531,503,0.37,0.72,0.38,4614,0.09,1052,541,511,0.41,0.76,0.42,8196,0.16,1091,559,531,0.49,0.8,0.5,26853,0.54,1172,597,576,0.64,0.88,0.65,5483,0.11,981,499,482,0.29,0.58,0.31,93,0.0,1029,524,505,0.38,0.69,0.38,52,0.0,1072,544,528,0.48,0.81,0.48,91.6,42.2,93170.0,9.9
Washington,28870,0.35,1095,560,535,4658,0.16,1203,597,606,0.69,0.83,0.71,1604,0.06,924,477,447,0.21,0.49,0.21,4582,0.16,951,489,462,0.25,0.52,0.26,12925,0.45,1141,588,553,0.59,0.86,0.6,2691,0.09,1114,573,542,0.53,0.79,0.54,1877,0.07,1048,536,512,0.43,0.64,0.44,14211,0.49,1079,558,521,0.46,0.74,0.46,14233,0.49,1108,560,548,0.55,0.75,0.57,4781,0.17,1060,545,516,0.44,0.72,0.45,1445,0.05,871,441,430,0.14,0.34,0.15,4534,0.16,986,508,478,0.29,0.61,0.3,1220,0.04,1030,532,498,0.36,0.71,0.37,8251,0.29,1151,589,562,0.62,0.87,0.63,7503,0.26,1240,631,608,0.75,0.93,0.76,5917,0.2,986,505,481,0.32,0.57,0.33,13263,0.46,1065,546,519,0.44,0.7,0.45,10372,0.36,1116,568,548,0.56,0.77,0.57,3572,0.12,1112,570,542,0.53,0.82,0.54,1663,0.06,1169,600,569,0.63,0.86,0.64,1594,0.06,1002,517,485,0.33,0.63,0.34,1594,0.06,1002,517,485,0.33,0.63,0.34,3007,0.1,1026,530,496,0.37,0.68,0.37,5191,0.18,1091,561,530,0.5,0.78,0.51,11890,0.41,1218,619,599,0.72,0.91,0.73,6578,0.23,944,485,459,0.24,0.51,0.26,204,0.01,908,473,435,0.18,0.51,0.18,329,0.01,825,422,403,0.09,0.26,0.09,92.3,39.6,98141.0,9.9
West Virginia,16901,0.93,911,474,437,130,0.01,1205,603,601,0.74,0.92,0.77,179,0.01,990,515,476,0.25,0.64,0.26,225,0.01,1036,543,494,0.34,0.74,0.36,4086,0.24,1069,557,512,0.41,0.83,0.42,239,0.01,1070,558,512,0.43,0.81,0.43,12005,0.71,847,441,406,0.07,0.35,0.08,8326,0.49,924,484,440,0.16,0.52,0.17,8543,0.51,897,464,433,0.17,0.45,0.18,1685,0.1,914,476,438,0.23,0.51,0.24,1091,0.06,778,401,377,0.02,0.19,0.03,5511,0.33,883,460,422,0.1,0.43,0.11,1007,0.06,946,493,452,0.18,0.59,0.19,3538,0.21,982,511,471,0.25,0.64,0.26,2135,0.13,1034,536,498,0.37,0.72,0.38,3619,0.21,841,438,402,0.11,0.35,0.11,2649,0.16,952,495,457,0.23,0.57,0.24,3040,0.18,913,475,438,0.18,0.49,0.18,10866,0.64,898,467,430,0.15,0.46,0.15,346,0.02,979,517,462,0.25,0.63,0.25,3141,0.19,934,486,448,0.19,0.53,0.19,3141,0.19,934,486,448,0.19,0.53,0.19,3081,0.18,964,501,463,0.24,0.59,0.25,1449,0.09,1008,525,483,0.32,0.68,0.32,623,0.04,1059,547,512,0.43,0.77,0.44,6092,0.36,830,433,398,0.07,0.33,0.07,36,0.0,982,513,469,0.25,0.67,0.28,0,0.0,0,0,0,0.0,0.0,0.0,89.3,24.1,59608.0,16.7
Wisconsin,1219,0.02,1240,624,616,245,0.2,1321,644,677,0.87,0.93,0.92,46,0.04,1139,583,556,0.67,0.85,0.67,154,0.13,1079,546,533,0.44,0.68,0.51,621,0.51,1268,644,624,0.86,0.97,0.86,50,0.04,1293,661,633,0.84,1.0,0.84,102,0.08,1140,570,570,0.61,0.74,0.67,644,0.53,1211,616,595,0.74,0.89,0.76,558,0.46,1274,633,642,0.83,0.92,0.86,142,0.12,1070,540,530,0.44,0.65,0.49,16,0.01,1056,515,541,0.31,0.63,0.5,97,0.08,1146,578,568,0.52,0.81,0.59,34,0.03,1199,603,596,0.82,0.97,0.82,333,0.27,1247,627,620,0.83,0.95,0.84,541,0.44,1306,658,648,0.88,0.97,0.9,198,0.16,1119,560,559,0.57,0.69,0.62,221,0.18,1256,638,618,0.82,0.95,0.84,415,0.34,1308,653,655,0.87,0.97,0.88,332,0.27,1245,628,617,0.82,0.93,0.85,251,0.21,1109,559,550,0.54,0.71,0.59,81,0.07,1157,593,564,0.6,0.81,0.62,81,0.07,1157,593,564,0.6,0.81,0.62,154,0.13,1213,611,601,0.75,0.9,0.79,285,0.23,1247,632,615,0.84,0.95,0.85,497,0.41,1314,660,654,0.89,0.98,0.9,111,0.09,1171,574,598,0.64,0.8,0.75,0,0.0,0,0,0,0.0,0.0,0.0,0,0.0,0,0,0,0.0,0.0,0.0,93.6,33.4,77485.0,10.6
Wyoming,80,0.01,1234,638,597,0,0.0,0,0,0,0.0,0.0,0.0,0,0.0,0,0,0,0.0,0.0,0.0,0,0.0,0,0,0,0.0,0.0,0.0,57,0.71,1247,644,603,0.81,0.95,0.81,0,0.0,0,0,0,0.0,0.0,0.0,14,0.18,1266,649,617,0.64,1.0,0.64,34,0.43,1181,621,561,0.65,0.94,0.65,46,0.58,1273,650,623,0.83,0.96,0.83,0,0.0,0,0,0,0.0,0.0,0.0,0,0.0,0,0,0,0.0,0.0,0.0,0,0.0,0,0,0,0.0,0.0,0.0,0,0.0,0,0,0,0.0,0.0,0.0,22,0.28,1165,607,558,0.68,0.86,0.68,38,0.48,1282,657,624,0.79,0.97,0.79,13,0.16,1304,674,630,0.85,1.0,0.85,0,0.0,0,0,0,0.0,0.0,0.0,0,0.0,0,0,0,0.0,0.0,0.0,59,0.74,1234,636,598,0.76,0.95,0.76,12,0.15,1190,635,555,0.5,0.92,0.5,0,0.0,0,0,0,0.0,0.0,0.0,0,0.0,0,0,0,0.0,0.0,0.0,17,0.21,1285,667,618,0.71,1.0,0.71,36,0.45,1200,620,580,0.75,0.92,0.75,15,0.19,1255,633,621,0.73,0.93,0.73,0,0.0,0,0,0,0.0,0.0,0.0,0,0.0,0,0,0,0.0,0.0,0.0,0,0.0,0,0,0,0.0,0.0,0.0,94.2,30.6,76176.0,10.5
