Year,State,Total_SAT_Takers,Total_Participation_Rate,Mean_Total_Score,Mean_ERW_Score,Mean_Math_Score,Race_AmInd_N,Race_AmInd_Pct,Race_AmInd_Mean_Tot,Race_AmInd_Mean_ERW,Race_AmInd_Mean_Math,Race_AmInd_Met_Both,Race_AmInd_Met_ERW,Race_AmInd_Met_Math,Race_Asian_N,Race_Asian_Pct,Race_Asian_Mean_Tot,Race_Asian_Mean_ERW,Race_Asian_Mean_Math,Race_Asian_Met_Both,Race_Asian_Met_ERW,Race_Asian_Met_Math,Race_Black_N,Race_Black_Pct,Race_Black_Mean_Tot,Race_Black_Mean_ERW,Race_Black_Mean_Math,Race_Black_Met_Both,Race_Black_Met_ERW,Race_Black_Met_Math,Race_Hispanic_N,Race_Hispanic_Pct,Race_Hispanic_Mean_Tot,Race_Hispanic_Mean_ERW,Race_Hispanic_Mean_Math,Race_Hispanic_Met_Both,Race_Hispanic_Met_ERW,Race_Hispanic_Met_Math,Race_White_N,Race_White_Pct,Race_White_Mean_Tot,Race_White_Mean_ERW,Race_White_Mean_Math,Race_White_Met_Both,Race_White_Met_ERW,Race_White_Met_Math,Race_Multi_N,Race_Multi_Pct,Race_Multi_Mean_Tot,Race_Multi_Mean_ERW,Race_Multi_Mean_Math,Race_Multi_Met_Both,Race_Multi_Met_ERW,Race_Multi_Met_Math,Race_NoResp_N,Race_NoResp_Pct,Race_NoResp_Mean_Tot,Race_NoResp_Mean_ERW,Race_NoResp_Mean_Math,Race_NoResp_Met_Both,Race_NoResp_Met_ERW,Race_NoResp_Met_Math,Gen_Female_N,Gen_Female_Pct,Gen_Female_Mean_Tot,Gen_Female_Mean_ERW,Gen_Female_Mean_Math,Gen_Female_Met_Both,Gen_Female_Met_ERW,Gen_Female_Met_Math,Gen_Male_N,Gen_Male_Pct,Gen_Male_Mean_Tot,Gen_Male_Mean_ERW,Gen_Male_Mean_Math,Gen_Male_Met_Both,Gen_Male_Met_ERW,Gen_Male_Met_Math,Gen_NoResp_N,Gen_NoResp_Pct,Gen_NoResp_Mean_Tot,Gen_NoResp_Mean_ERW,Gen_NoResp_Mean_Math,Gen_NoResp_Met_Both,Gen_NoResp_Met_ERW,Gen_NoResp_Met_Math,Edu_NoHS_N,Edu_NoHS_Pct,Edu_NoHS_Mean_Tot,Edu_NoHS_Mean_ERW,Edu_NoHS_Mean_Math,Edu_NoHS_Met_Both,Edu_NoHS_Met_ERW,Edu_NoHS_Met_Math,Edu_HS_N,Edu_HS_Pct,Edu_HS_Mean_Tot,Edu_HS_Mean_ERW,Edu_HS_Mean_Math,Edu_HS_Met_Both,Edu_HS_Met_ERW,Edu_HS_Met_Math,Edu_Assoc_N,Edu_Assoc_Pct,Edu_Assoc_Mean_Tot,Edu_Assoc_Mean_ERW,Edu_Assoc_Mean_Math,Edu_Assoc_Met_Both,Edu_Assoc_Met_ERW,Edu_Assoc_Met_Math,Edu_Bach_N,Edu_Bach_Pct,Edu_Bach_Mean_Tot,Edu_Bach_Mean_ERW,Edu_Bach_Mean_Math,Edu_Bach_Met_Both,Edu_Bach_Met_ERW,Edu_Bach_Met_Math,Edu_Grad_N,Edu_Grad_Pct,Edu_Grad_Mean_Tot,Edu_Grad_Mean_ERW,Edu_Grad_Mean_Math,Edu_Grad_Met_Both,Edu_Grad_Met_ERW,Edu_Grad_Met_Math,Edu_NoResp_N,Edu_NoResp_Pct,Edu_NoResp_Mean_Tot,Edu_NoResp_Mean_ERW,Edu_NoResp_Mean_Math,Edu_NoResp_Met_Both,Edu_NoResp_Met_ERW,Edu_NoResp_Met_Math,SAT_75th_Total,SAT_75th_ERW,SAT_75th_Math,SAT_75th_Reading,SAT_75th_Writing,SAT_75th_Math_Sub,SAT_75th_Hist_Soc,SAT_75th_Science,SAT_50th_Total,SAT_50th_ERW,SAT_50th_Math,SAT_50th_Reading,SAT_50th_Writing,SAT_50th_Math_Sub,SAT_50th_Hist_Soc,SAT_50th_Science,SAT_25th_Total,SAT_25th_ERW,SAT_25th_Math,SAT_25th_Reading,SAT_25th_Writing,SAT_25th_Math_Sub,SAT_25th_Hist_Soc,SAT_25th_Science,Race_NatHaw_N,Race_NatHaw_Pct,Race_NatHaw_Mean_Tot,Race_NatHaw_Mean_ERW,Race_NatHaw_Mean_Math,Race_NatHaw_Met_Both,Race_NatHaw_Met_ERW,Race_NatHaw_Met_Math,SAT_IQR_Spread
2021,Alabama,1706,0.03,706,1159,591,10,0.01,1031,531,500,0.3,0.6,0.3,213,0.12,1293,620,673,0.81,0.87,0.89,240,0.14,999,519,480,0.27,0.65,0.28,111,0.07,1146,591,555,0.61,0.93,0.61,986,0.58,1173,603,570,0.67,0.91,0.68,76,0.04,1153,591,562,0.59,0.93,0.61,68,0.04,1140,574,567,0.59,0.81,0.62,962,0.56,1140,587,553,0.57,0.87,0.59,740,0.43,1184,595,589,0.69,0.86,0.71,739,0.1,944,490,454,0.27,0.59,0.28,171,0.02,943,485,458,0.27,0.63,0.27,1066,0.14,994,519,475,0.32,0.73,0.33,364,0.05,1006,522,483,0.4,0.74,0.41,2904,0.38,1089,565,524,0.57,0.88,0.58,2116,0.28,1141,592,549,0.68,0.91,0.69,764,0.1,938,486,453,0.26,0.58,0.28,1290,660,640,33,34,32,33,33,1150,600,560,29,30,28,29,30,1020,520,490,26,26,24.5,26,26,0,0,0,0,0,0,0,0,270
2021,Alaska,1842,0.23,842,1119,567,69,0.04,945,473,472,0.28,0.45,0.29,173,0.09,1087,542,545,0.54,0.72,0.55,28,0.02,1053,541,511,0.36,0.75,0.39,145,0.08,1072,545,527,0.48,0.73,0.52,1070,0.58,1169,594,576,0.69,0.91,0.7,224,0.12,1081,545,536,0.52,0.74,0.55,96,0.05,1012,516,496,0.33,0.61,0.36,1038,0.56,1109,569,540,0.54,0.81,0.55,801,0.43,1133,564,569,0.65,0.81,0.68,108,0.08,1007,515,491,0.41,0.78,0.42,28,0.02,987,504,483,0.36,0.79,0.36,226,0.18,1008,517,491,0.39,0.75,0.4,69,0.05,1057,546,511,0.52,0.91,0.52,413,0.32,1090,562,528,0.6,0.87,0.61,324,0.25,1138,586,552,0.68,0.9,0.68,112,0.09,988,510,478,0.37,0.73,0.38,1250,640,620,32,32,31,32,32,1120,570,550,29,28,27.5,29,29,980,490,480,25,24,24,25,25,37,0.02,896,440,456,0.14,0.24,0.16,270
2021,Arizona,9010,0.11,1181,592,589,89,0.01,1020,513,507,0.39,0.64,0.45,1071,0.12,1295,632,662,0.86,0.93,0.9,312,0.03,1059,537,522,0.43,0.71,0.45,2199,0.24,1101,554,547,0.56,0.79,0.59,4503,0.5,1208,608,600,0.79,0.93,0.8,518,0.06,1211,607,604,0.8,0.92,0.81,302,0.03,1079,541,538,0.51,0.67,0.53,4873,0.54,1166,591,575,0.69,0.88,0.7,4117,0.46,1198,592,605,0.76,0.87,0.78,1216,0.08,1007,512,495,0.42,0.7,0.44,778,0.05,935,473,462,0.26,0.55,0.28,2797,0.19,1004,513,491,0.39,0.73,0.41,684,0.05,1044,534,510,0.51,0.81,0.53,4810,0.33,1118,572,546,0.67,0.9,0.68,3819,0.26,1173,599,574,0.77,0.93,0.78,1205,0.08,983,499,484,0.37,0.66,0.39,1310,660,660,33,33,33,33,33,1190,600,590,30,30,29.5,30,30,1050,530,520,26,26,26,27,27,16,0,1118,554,564,0.69,0.88,0.69,260
2021,Arkansas,792,0.02,792,1194,610,0,0,0,0,0,0,0,0,92,0.12,1296,639,656,0.88,0.95,0.89,57,0.07,1055,545,511,0.42,0.74,0.42,86,0.11,1112,572,539,0.55,0.86,0.57,491,0.62,1215,624,591,0.77,0.95,0.78,32,0.04,1168,594,574,0.81,0.94,0.81,26,0.03,1118,570,549,0.58,0.77,0.58,414,0.52,1173,608,565,0.67,0.91,0.68,374,0.47,1218,612,606,0.79,0.92,0.8,262,0.06,1039,542,496,0.47,0.82,0.48,163,0.04,999,516,482,0.37,0.73,0.38,839,0.2,1046,543,503,0.47,0.83,0.48,252,0.06,1068,555,513,0.54,0.87,0.54,1516,0.36,1122,584,537,0.67,0.93,0.67,1074,0.26,1177,612,564,0.75,0.95,0.76,279,0.07,1038,541,497,0.46,0.81,0.48,1320,680,650,34,34,32.5,34,34,1210,620,590,30,31,29.5,30,30,1070,550,520,27,28,26,27,27,0,0,0,0,0,0,0,0,250
2021,California,116394,0.24,394,1057,527,569,0,900,452,448,0.19,0.33,0.21,24554,0.21,1263,613,650,0.82,0.88,0.84,4960,0.04,903,460,443,0.18,0.38,0.19,54030,0.46,924,466,458,0.21,0.4,0.23,22079,0.19,1178,592,586,0.7,0.86,0.72,4870,0.04,1199,599,600,0.73,0.87,0.74,4943,0.04,984,492,492,0.32,0.43,0.34,58530,0.5,1050,529,521,0.44,0.62,0.45,57690,0.5,1063,525,538,0.48,0.6,0.5,2747,0.08,1064,544,521,0.5,0.78,0.51,1130,0.03,973,496,477,0.32,0.69,0.34,5117,0.14,1028,527,501,0.42,0.78,0.43,1185,0.03,1049,538,510,0.49,0.83,0.5,12417,0.34,1145,585,560,0.69,0.92,0.7,12557,0.35,1227,625,602,0.82,0.96,0.82,2925,0.08,1046,537,510,0.46,0.77,0.47,1250,620,630,31,31,31.5,31,31,1030,520,520,26,26,26,26,26,850,430,420,22,21,21,22,22,389,0,982,491,490,0.33,0.51,0.35,400
2021,Colorado,34952,0.56,952,1072,544,146,0,951,488,464,0.25,0.51,0.28,1534,0.04,1177,580,597,0.71,0.83,0.74,1158,0.03,963,491,472,0.27,0.54,0.28,8273,0.24,973,494,479,0.29,0.54,0.31,20645,0.59,1116,567,550,0.58,0.82,0.6,1590,0.05,1111,565,546,0.56,0.8,0.57,1528,0.04,961,491,469,0.25,0.51,0.27,18055,0.52,1066,547,519,0.46,0.74,0.47,16788,0.48,1079,540,538,0.53,0.72,0.55,6923,0.22,977,500,477,0.35,0.65,0.37,1141,0.04,905,458,447,0.18,0.5,0.2,4555,0.15,982,504,478,0.34,0.7,0.36,1219,0.04,1005,516,488,0.39,0.77,0.41,9444,0.3,1083,556,527,0.59,0.88,0.61,6945,0.22,1137,584,553,0.7,0.92,0.71,6856,0.22,958,490,468,0.31,0.62,0.32,1210,620,600,31,31,30,31,31,1070,540,530,27,27,26.5,27,27,920,470,450,24,23,22.5,24,23,78,0,994,502,492,0.36,0.67,0.37,290
2021,Connecticut,30487,0.69,487,1072,545,70,0,958,496,462,0.2,0.54,0.23,2120,0.07,1241,608,633,0.76,0.87,0.79,2921,0.1,914,471,443,0.17,0.43,0.18,5501,0.18,957,491,466,0.25,0.52,0.27,17582,0.58,1116,568,548,0.57,0.82,0.59,1143,0.04,1119,571,548,0.55,0.79,0.57,1123,0.04,990,502,488,0.32,0.53,0.34,15175,0.5,1067,548,519,0.46,0.74,0.47,15227,0.5,1076,541,535,0.5,0.7,0.52,3184,0.11,920,468,452,0.26,0.5,0.27,1034,0.03,871,440,432,0.15,0.4,0.16,5263,0.18,942,483,459,0.26,0.6,0.27,1096,0.04,982,505,477,0.33,0.72,0.35,7967,0.27,1058,543,515,0.53,0.83,0.54,7135,0.24,1127,579,548,0.67,0.9,0.67,3845,0.13,913,465,448,0.24,0.5,0.26,1220,620,600,31,31,30,31,31,1070,540,520,27,27,26,27,27,910,460,440,23,23,22,24,23,27,0,919,475,444,0.15,0.44,0.15,310
2021,Delaware,10289,0.96,984,499,485,103,0.01,861,434,426,0.08,0.24,0.09,439,0.04,1199,590,609,0.72,0.8,0.74,2014,0.2,898,457,441,0.15,0.37,0.16,1750,0.17,914,462,453,0.18,0.4,0.21,4466,0.43,1060,539,520,0.46,0.72,0.48,590,0.06,999,510,488,0.34,0.63,0.35,912,0.09,841,424,417,0.09,0.23,0.1,5199,0.51,989,506,483,0.31,0.58,0.33,5078,0.49,979,491,487,0.33,0.51,0.35,91,0.03,1034,534,500,0.45,0.74,0.45,64,0.02,972,489,483,0.34,0.61,0.34,516,0.16,986,511,475,0.32,0.72,0.32,148,0.05,983,511,472,0.31,0.66,0.32,1234,0.38,1068,552,516,0.53,0.84,0.54,965,0.3,1130,583,547,0.65,0.9,0.66,106,0.03,999,519,480,0.39,0.72,0.39,1120,570,550,29,29,27.5,29,29,970,490,480,25,24,24,25,25,830,420,400,21,20,20,21,21,15,0,865,427,438,0.2,0.27,0.27,290
2021,District Of Columbia,4117,0.9,987,500,487,18,0,828,420,408,0.11,0.28,0.11,130,0.03,1185,584,601,0.67,0.76,0.69,1940,0.47,889,451,438,0.17,0.34,0.19,618,0.15,966,488,478,0.3,0.44,0.32,803,0.2,1246,632,614,0.79,0.9,0.79,192,0.05,1178,599,579,0.62,0.79,0.64,411,0.1,828,421,407,0.11,0.2,0.12,2013,0.49,975,497,478,0.31,0.47,0.32,2098,0.51,998,502,496,0.38,0.49,0.39,223,0.2,967,493,474,0.37,0.51,0.37,31,0.03,867,437,430,0.16,0.32,0.16,161,0.14,891,438,453,0.21,0.38,0.22,24,0.02,903,451,453,0.29,0.46,0.33,207,0.18,1126,576,550,0.68,0.84,0.69,539,0.47,1238,640,598,0.87,0.97,0.87,237,0.21,995,507,488,0.42,0.52,0.42,1180,600,580,30,30,29,30,30,930,470,460,24,23,23,24,24,770,390,380,20,19,19,20,20,0,0,0,0,0,0,0,0,410
2021,Florida,172869,0.81,869,993,513,1065,0.01,907,470,437,0.16,0.42,0.18,6835,0.04,1151,572,579,0.63,0.8,0.66,31302,0.18,890,465,425,0.13,0.39,0.13,57021,0.33,983,508,474,0.3,0.59,0.31,59846,0.35,1059,545,514,0.45,0.74,0.46,6219,0.04,1047,541,506,0.41,0.71,0.43,10292,0.06,845,444,401,0.1,0.28,0.11,88407,0.51,995,519,477,0.31,0.63,0.32,84105,0.49,990,507,483,0.33,0.56,0.35,5798,0.07,858,436,422,0.14,0.36,0.15,4560,0.06,863,439,424,0.14,0.38,0.15,19006,0.24,940,484,456,0.25,0.59,0.26,4896,0.06,988,512,476,0.35,0.7,0.36,22946,0.29,1056,546,511,0.51,0.81,0.52,16567,0.21,1102,568,534,0.6,0.84,0.61,6830,0.09,854,434,420,0.14,0.36,0.14,1130,580,550,29,29,27.5,29,29,970,500,470,25,25,23.5,25,25,830,440,390,22,21,19.5,22,22,289,0,934,486,448,0.2,0.5,0.21,300
2021,Georgia,49170,0.41,1086,551,534,152,0,989,499,490,0.32,0.55,0.38,4423,0.09,1236,604,632,0.78,0.87,0.82,12640,0.26,969,497,473,0.26,0.55,0.27,5534,0.11,1049,532,517,0.43,0.7,0.45,23242,0.47,1130,576,554,0.6,0.87,0.62,2053,0.04,1112,566,546,0.55,0.83,0.57,1087,0.02,1022,519,502,0.38,0.63,0.39,26916,0.55,1074,551,523,0.46,0.77,0.48,22200,0.45,1099,551,548,0.55,0.75,0.57,1058,0.05,1000,513,488,0.4,0.68,0.41,617,0.03,961,487,474,0.31,0.59,0.33,2714,0.13,1005,515,489,0.38,0.72,0.39,832,0.04,1017,523,494,0.41,0.77,0.42,7586,0.37,1102,567,535,0.59,0.88,0.61,7012,0.34,1161,597,563,0.71,0.91,0.71,1162,0.06,988,508,481,0.38,0.68,0.39,1220,620,600,31,31,30,31,31,1080,550,530,28,27,26.5,28,28,950,480,460,24,23,23,24,24,39,0,1007,512,495,0.33,0.59,0.33,270
2021,Hawaii,3848,0.26,848,1144,572,0,0,0,0,0,0,0,0,1391,0.36,1182,582,600,0.74,0.88,0.77,27,0.01,1043,544,500,0.33,0.7,0.33,544,0.14,1098,557,542,0.54,0.81,0.56,403,0.1,1191,607,584,0.74,0.95,0.75,1155,0.3,1137,573,565,0.61,0.85,0.63,114,0.03,1077,541,536,0.47,0.72,0.5,2076,0.54,1137,574,563,0.63,0.86,0.64,1771,0.46,1153,570,582,0.66,0.82,0.69,140,0.04,1011,516,494,0.41,0.69,0.41,42,0.01,1019,509,510,0.45,0.69,0.5,692,0.18,1005,515,490,0.36,0.77,0.38,290,0.07,1035,529,505,0.43,0.83,0.43,1573,0.4,1090,559,531,0.59,0.88,0.6,958,0.25,1146,589,557,0.71,0.92,0.71,173,0.04,985,505,480,0.36,0.66,0.37,1270,640,640,32,32,32,32,32,1130,570,560,28,29,28,28,29,1020,500,500,25,25,25,25,25,214,0.06,1010,502,508,0.37,0.55,0.42,250
2021,Idaho,19211,0.9,985,502,483,466,0.02,892,453,438,0.15,0.34,0.18,292,0.02,1074,531,543,0.49,0.7,0.54,156,0.01,883,451,433,0.1,0.35,0.13,2434,0.13,919,469,450,0.2,0.43,0.21,11005,0.57,1029,524,505,0.4,0.68,0.42,573,0.03,1019,518,502,0.4,0.66,0.41,4228,0.22,913,468,446,0.17,0.43,0.19,9503,0.49,984,508,477,0.29,0.61,0.3,9684,0.5,986,497,489,0.34,0.56,0.37,1346,0.21,1008,514,494,0.43,0.7,0.45,216,0.03,876,440,436,0.18,0.38,0.19,1151,0.18,978,500,478,0.34,0.66,0.36,345,0.06,1015,521,494,0.43,0.78,0.45,1982,0.32,1078,552,527,0.59,0.86,0.61,1233,0.2,1137,583,554,0.71,0.92,0.72,1284,0.21,987,504,483,0.38,0.67,0.4,1110,570,540,29,28,27,29,29,970,500,480,25,24,24,25,25,840,430,400,22,21,20,22,22,57,0,971,497,474,0.26,0.53,0.28,270
2021,Illinois,119066,0.8,1007,508,498,1216,0.01,877,444,433,0.12,0.31,0.14,7044,0.06,1200,588,612,0.72,0.83,0.75,12696,0.11,894,456,438,0.15,0.36,0.16,27400,0.23,947,480,468,0.25,0.48,0.27,52729,0.44,1070,540,530,0.49,0.72,0.51,3779,0.03,1060,538,523,0.45,0.69,0.47,14051,0.12,889,452,437,0.15,0.35,0.16,60095,0.5,1010,515,495,0.36,0.61,0.37,58606,0.49,1004,502,502,0.37,0.55,0.4,4857,0.1,1028,524,504,0.46,0.73,0.48,2108,0.04,943,477,466,0.29,0.58,0.31,8417,0.17,991,506,485,0.37,0.7,0.39,2331,0.05,1014,520,493,0.42,0.77,0.43,14774,0.29,1100,562,538,0.63,0.88,0.65,11678,0.23,1166,594,572,0.76,0.93,0.76,5115,0.1,1004,512,492,0.42,0.7,0.43,1150,580,570,29,29,28.5,29,30,990,500,490,25,25,24.5,25,25,840,430,410,21,21,20.5,22,22,151,0,898,453,445,0.17,0.34,0.2,310
2021,Indiana,32671,0.43,671,1095,551,185,0.01,999,501,498,0.31,0.62,0.33,1500,0.05,1172,575,597,0.65,0.79,0.69,2287,0.07,958,486,472,0.24,0.51,0.26,3383,0.1,1015,513,502,0.36,0.65,0.39,23223,0.71,1120,564,556,0.61,0.84,0.64,1327,0.04,1097,555,542,0.54,0.8,0.56,748,0.02,990,503,487,0.34,0.57,0.35,18286,0.56,1079,549,530,0.5,0.78,0.52,14318,0.44,1117,555,562,0.62,0.79,0.65,3096,0.07,879,442,437,0.17,0.41,0.19,2144,0.05,872,437,435,0.15,0.37,0.17,11172,0.26,937,475,463,0.27,0.56,0.29,2987,0.07,987,501,486,0.38,0.69,0.4,13971,0.32,1046,531,515,0.53,0.8,0.55,7382,0.17,1107,563,543,0.66,0.86,0.67,3779,0.09,872,439,433,0.16,0.4,0.17,1210,610,600,31,31,30,31,31,1090,550,540,28,27,27,28,28,970,490,480,25,24,24,25,25,18,0,999,501,498,0.33,0.5,0.39,240
2021,Iowa,625,0.02,625,1243,623,0,0,0,0,0,0,0,0,124,0.2,1313,634,679,0.83,0.91,0.87,18,0.03,1035,532,503,0.39,0.61,0.44,43,0.07,1124,580,544,0.53,0.88,0.53,376,0.6,1240,627,614,0.8,0.93,0.81,41,0.07,1282,645,637,0.85,0.95,0.85,21,0.03,1256,624,632,0.86,0.9,0.86,313,0.5,1214,615,598,0.72,0.91,0.73,305,0.49,1273,630,643,0.84,0.92,0.85,666,0.14,1063,547,516,0.55,0.85,0.57,74,0.02,981,502,479,0.28,0.76,0.3,557,0.12,1026,531,495,0.42,0.81,0.45,352,0.08,1064,549,515,0.53,0.89,0.56,1826,0.39,1106,569,537,0.65,0.93,0.66,1045,0.22,1169,600,569,0.77,0.95,0.78,661,0.14,1049,539,510,0.53,0.85,0.54,1390,700,710,35,35,35.5,35,35,1260,640,620,32,32,31,32,32,1110,560,540,28,28,27,28,28,0,0,0,0,0,0,0,0,280
2021,Kansas,721,0.02,721,1243,619,0,0,0,0,0,0,0,0,171,0.24,1293,615,678,0.8,0.85,0.92,36,0.05,1098,555,543,0.53,0.83,0.53,61,0.08,1228,619,608,0.79,0.95,0.82,396,0.55,1234,626,609,0.81,0.94,0.82,33,0.05,1270,633,637,0.79,0.94,0.82,22,0.03,1252,626,625,0.77,0.91,0.82,360,0.5,1217,615,602,0.74,0.91,0.78,360,0.5,1268,624,645,0.84,0.91,0.88,388,0.07,1018,522,496,0.43,0.74,0.46,205,0.03,932,474,458,0.23,0.57,0.24,869,0.15,1005,518,488,0.38,0.75,0.39,292,0.05,1029,528,501,0.43,0.79,0.43,2297,0.39,1114,573,541,0.66,0.91,0.67,1571,0.27,1172,603,569,0.76,0.94,0.77,420,0.07,996,509,487,0.39,0.71,0.41,1380,690,700,34,35,35,35,35,1250,630,620,31,32,31,31,32,1110,550,550,27,28,27.5,28,28,0,0,0,0,0,0,0,0,270
2021,Kentucky,1080,0.02,1219,616,603,0,0,0,0,0,0,0,0,162,0.15,1283,621,662,0.86,0.94,0.9,57,0.05,1076,549,527,0.53,0.81,0.54,55,0.05,1121,573,548,0.58,0.87,0.6,721,0.67,1224,623,601,0.77,0.95,0.79,54,0.05,1217,617,600,0.7,0.96,0.7,27,0.03,1220,619,601,0.67,0.93,0.7,560,0.52,1195,613,582,0.71,0.95,0.72,518,0.48,1245,618,626,0.81,0.93,0.83,1245,0.19,1065,552,513,0.51,0.84,0.51,83,0.01,954,488,466,0.29,0.63,0.29,862,0.13,1045,541,504,0.47,0.85,0.48,287,0.04,1073,557,515,0.55,0.9,0.55,2471,0.37,1120,582,538,0.65,0.93,0.66,1966,0.3,1173,610,564,0.75,0.95,0.75,1171,0.18,1052,546,507,0.48,0.83,0.49,1340,680,680,34,34,34,34,34,1230,620,600,31,31,30,31,31,1090,560,530,27,28,26.5,27,28,0,0,0,0,0,0,0,0,250
2021,Louisiana,1409,0.03,409,1188,605,0,0,0,0,0,0,0,0,148,0.11,1315,647,668,0.89,0.95,0.91,231,0.16,1022,523,499,0.36,0.61,0.36,122,0.09,1183,606,578,0.68,0.85,0.69,785,0.56,1225,626,599,0.75,0.94,0.76,61,0.04,1183,615,568,0.67,0.95,0.67,58,0.04,1056,535,521,0.43,0.64,0.43,753,0.53,1173,603,570,0.64,0.88,0.65,650,0.46,1207,607,600,0.72,0.86,0.73,748,0.1,1011,524,487,0.39,0.78,0.4,157,0.02,1025,529,496,0.42,0.78,0.42,1290,0.17,1040,539,501,0.46,0.82,0.47,359,0.05,1066,553,513,0.52,0.86,0.53,2700,0.35,1099,573,526,0.59,0.9,0.6,2167,0.28,1148,597,551,0.69,0.92,0.7,768,0.1,1004,519,485,0.37,0.76,0.38,1340,680,670,33,35,33.5,34,34,1200,620,580,30,31,29,30,31,1040,530,500,26,27,25,26,27,0,0,0,0,0,0,0,0,300
2021,Maine,4177,0.29,1099,558,541,44,0.01,955,485,470,0.18,0.5,0.2,230,0.06,1185,560,625,0.68,0.79,0.78,129,0.03,904,457,447,0.21,0.4,0.24,137,0.03,1030,526,503,0.37,0.7,0.39,3154,0.76,1119,571,548,0.58,0.84,0.59,120,0.03,1101,557,545,0.58,0.76,0.61,360,0.09,983,505,478,0.27,0.6,0.29,2150,0.51,1088,560,528,0.5,0.8,0.51,2007,0.48,1111,556,554,0.58,0.77,0.6,1147,0.18,930,478,452,0.21,0.58,0.23,102,0.02,877,442,435,0.14,0.39,0.18,1152,0.18,953,491,462,0.25,0.65,0.27,301,0.05,998,516,482,0.33,0.75,0.35,1948,0.31,1049,541,508,0.49,0.84,0.51,1245,0.2,1110,575,535,0.62,0.9,0.63,1277,0.2,924,477,446,0.2,0.58,0.21,1230,630,610,32,31,30.5,32,32,1090,560,540,28,28,27,28,28,970,490,470,25,24,23.5,25,25,0,0,0,0,0,0,0,0,260
2021,Maryland,33457,0.47,457,1073,542,345,0.01,903,455,449,0.2,0.34,0.23,3200,0.1,1255,613,641,0.79,0.88,0.82,8761,0.26,948,485,462,0.24,0.5,0.25,3577,0.11,997,507,490,0.34,0.59,0.36,14788,0.44,1131,570,561,0.62,0.81,0.64,1858,0.06,1104,561,543,0.53,0.75,0.54,836,0.02,1021,516,505,0.37,0.54,0.38,17204,0.51,1066,544,522,0.46,0.71,0.48,16209,0.48,1081,540,541,0.51,0.68,0.54,834,0.07,973,500,473,0.32,0.62,0.33,246,0.02,948,485,463,0.24,0.59,0.26,1798,0.14,1002,517,485,0.36,0.75,0.37,483,0.04,995,513,483,0.34,0.73,0.35,4333,0.35,1073,555,518,0.54,0.87,0.54,4311,0.34,1127,584,543,0.64,0.91,0.65,1038,0.08,983,507,476,0.34,0.67,0.35,1230,620,610,31,31,30.5,31,32,1070,540,530,27,27,26.5,27,27,900,450,440,23,22,22,23,23,92,0,907,456,450,0.16,0.35,0.17,330
2021,Massachusetts,27255,0.34,1184,591,593,90,0,1017,510,506,0.41,0.67,0.43,3362,0.12,1317,636,682,0.89,0.93,0.93,1398,0.05,1036,520,516,0.42,0.64,0.45,2531,0.09,1079,541,538,0.51,0.71,0.54,17461,0.64,1190,598,592,0.74,0.91,0.75,1082,0.04,1230,616,614,0.76,0.92,0.77,1316,0.05,1086,543,543,0.5,0.68,0.53,13717,0.5,1170,590,580,0.68,0.87,0.69,13464,0.49,1197,592,606,0.74,0.86,0.76,2492,0.09,1019,521,498,0.43,0.73,0.45,431,0.02,973,487,486,0.34,0.6,0.38,3199,0.12,1010,516,494,0.4,0.75,0.42,1002,0.04,1030,530,500,0.45,0.81,0.47,8928,0.34,1089,558,531,0.59,0.88,0.61,9735,0.37,1171,599,572,0.76,0.93,0.77,2989,0.11,1020,522,498,0.42,0.72,0.44,1330,670,670,33,34,33.5,34,34,1180,590,590,30,30,29.5,30,30,1040,520,520,26,26,26,26,26,15,0,1058,522,536,0.47,0.6,0.47,290
2021,Michigan,71935,0.68,935,1031,523,461,0.01,927,472,455,0.19,0.45,0.21,3619,0.05,1208,591,617,0.72,0.82,0.76,6873,0.1,884,455,429,0.14,0.36,0.14,5185,0.07,958,488,470,0.25,0.51,0.27,50711,0.7,1050,533,518,0.45,0.7,0.47,1343,0.02,1134,572,562,0.62,0.84,0.64,3697,0.05,941,480,461,0.23,0.47,0.24,37225,0.52,1031,529,502,0.39,0.68,0.41,34464,0.48,1031,516,515,0.43,0.62,0.45,13285,0.22,961,488,473,0.33,0.61,0.35,1664,0.03,865,438,428,0.13,0.39,0.14,10991,0.19,943,481,462,0.27,0.59,0.29,3217,0.05,983,503,480,0.35,0.7,0.37,15913,0.27,1057,540,517,0.54,0.83,0.55,10497,0.18,1123,573,550,0.67,0.89,0.68,12130,0.2,934,474,459,0.27,0.55,0.28,1170,590,580,30,30,29,30,30,1020,520,510,26,26,25.5,26,26,880,450,430,22,22,21.5,22,22,46,0,957,494,463,0.26,0.43,0.28,290
2021,Minnesota,1709,0.02,709,1263,626,0,0,0,0,0,0,0,0,368,0.22,1318,628,691,0.88,0.91,0.94,108,0.06,1094,548,546,0.55,0.73,0.56,123,0.07,1120,566,554,0.55,0.73,0.56,918,0.54,1282,644,638,0.86,0.96,0.87,101,0.06,1301,655,646,0.9,0.96,0.9,80,0.05,1203,588,615,0.71,0.8,0.76,849,0.5,1246,626,619,0.8,0.92,0.81,854,0.5,1279,626,653,0.84,0.91,0.87,2027,0.18,1082,553,529,0.6,0.86,0.62,180,0.02,978,494,483,0.31,0.61,0.34,984,0.09,1045,532,513,0.51,0.84,0.53,566,0.05,1062,540,522,0.57,0.84,0.6,4317,0.39,1137,579,558,0.73,0.93,0.75,3059,0.28,1202,615,587,0.83,0.96,0.84,2001,0.18,1071,547,524,0.58,0.85,0.6,1410,700,720,35,35,36,35,35,1290,640,640,32,32,32,32,32,1140,560,560,28,28,28,28,28,0,0,0,0,0,0,0,0,270
2021,Mississippi,423,0.01,423,1202,612,0,0,0,0,0,0,0,0,55,0.13,1283,626,657,0.87,0.91,0.91,69,0.16,1053,543,510,0.36,0.71,0.39,27,0.06,1189,612,577,0.78,0.89,0.78,237,0.56,1233,633,601,0.77,0.97,0.77,19,0.04,1185,598,586,0.68,0.84,0.68,15,0.04,1139,589,550,0.67,1,0.67,241,0.57,1157,597,560,0.62,0.88,0.63,180,0.43,1262,633,629,0.83,0.94,0.84,350,0.09,1010,519,490,0.39,0.69,0.4,83,0.02,1052,530,522,0.52,0.82,0.53,520,0.14,1068,551,517,0.55,0.85,0.55,230,0.06,1077,558,519,0.54,0.87,0.55,1418,0.38,1112,576,536,0.63,0.89,0.64,977,0.26,1161,602,559,0.72,0.93,0.73,421,0.11,1005,517,488,0.38,0.69,0.39,1340,680,660,34,35,33,34,34,1210,620,590,31,32,29.5,31,31,1070,550,520,27,28,26,27,27,0,0,0,0,0,0,0,0,270
2021,Missouri,1796,0.02,796,1219,614,0,0,0,0,0,0,0,0,260,0.14,1331,641,690,0.89,0.93,0.92,149,0.08,1045,533,512,0.45,0.67,0.47,159,0.09,1066,543,523,0.47,0.68,0.49,1058,0.59,1240,629,611,0.8,0.94,0.82,98,0.05,1270,642,628,0.81,0.94,0.82,68,0.04,1138,571,567,0.53,0.69,0.54,928,0.52,1201,613,588,0.72,0.89,0.73,863,0.48,1238,614,624,0.77,0.88,0.79,902,0.1,1073,553,520,0.55,0.86,0.56,128,0.01,967,491,476,0.32,0.64,0.34,1154,0.13,1049,540,509,0.49,0.83,0.51,348,0.04,1056,546,511,0.49,0.86,0.5,3308,0.38,1132,583,549,0.71,0.93,0.72,2669,0.31,1195,615,580,0.8,0.96,0.8,1019,0.12,1053,544,509,0.5,0.85,0.51,1380,690,690,34,35,34.5,34,34,1230,620,610,31,32,30.5,31,31,1090,550,530,27,28,26.5,27,27,0,0,0,0,0,0,0,0,290
2021,Montana,489,0.05,489,1225,618,0,0,0,0,0,0,0,0,21,0.04,1155,556,599,0.76,0.86,0.76,0,0,0,0,0,0,0,0,14,0.03,1266,624,643,0.79,1,0.79,403,0.82,1235,624,611,0.81,0.96,0.83,24,0.05,1228,627,601,0.71,0.92,0.75,22,0.04,1121,580,540,0.59,0.95,0.59,263,0.54,1201,614,587,0.75,0.94,0.77,222,0.45,1252,622,630,0.83,0.95,0.84,241,0.11,1023,522,501,0.48,0.8,0.5,17,0.01,929,476,454,0.18,0.41,0.18,341,0.15,1022,521,500,0.49,0.8,0.5,103,0.05,1040,531,509,0.5,0.82,0.5,851,0.38,1087,557,530,0.63,0.9,0.65,602,0.27,1130,581,550,0.7,0.92,0.72,239,0.11,1007,516,491,0.44,0.77,0.45,1340,680,680,34,34,34,34,35,1220,620,600,31,31,30,31,32,1110,560,540,28,28,27,28,28,0,0,0,0,0,0,0,0,230
2021,Nebraska,379,0.02,379,1246,625,0,0,0,0,0,0,0,0,70,0.18,1293,614,679,0.86,0.89,0.91,18,0.05,1117,574,543,0.56,0.78,0.56,35,0.09,1179,593,586,0.69,0.77,0.69,213,0.56,1268,646,622,0.85,0.96,0.85,22,0.06,1203,621,582,0.59,0.95,0.59,20,0.05,1129,554,575,0.6,0.75,0.7,184,0.49,1235,629,605,0.77,0.92,0.78,195,0.51,1257,622,635,0.81,0.9,0.84,256,0.07,1009,517,492,0.43,0.74,0.45,98,0.03,957,489,468,0.24,0.62,0.26,427,0.12,1022,529,493,0.43,0.78,0.46,191,0.05,1046,534,512,0.52,0.81,0.53,1518,0.43,1111,572,539,0.67,0.93,0.69,825,0.23,1176,608,569,0.8,0.96,0.8,277,0.08,1002,516,486,0.39,0.73,0.4,1390,700,700,35,35,35,35,35,1270,640,620,32,32,31,32,32,1110,560,540,28,28,27,28,28,0,0,0,0,0,0,0,0,280
2021,Nevada,1295,0.04,1195,596,598,0,0,0,0,0,0,0,0,264,0.2,1273,620,653,0.81,0.89,0.86,50,0.04,1083,544,539,0.4,0.68,0.48,233,0.18,1104,556,548,0.55,0.78,0.58,585,0.45,1210,608,602,0.77,0.92,0.79,106,0.08,1207,603,604,0.77,0.91,0.8,51,0.04,1120,565,555,0.59,0.78,0.67,645,0.5,1175,595,581,0.67,0.88,0.69,646,0.5,1214,598,616,0.76,0.87,0.8,403,0.11,983,506,478,0.33,0.68,0.34,171,0.05,968,492,477,0.32,0.64,0.34,802,0.22,1034,533,500,0.44,0.79,0.45,157,0.04,1071,554,517,0.54,0.86,0.54,1097,0.3,1105,568,537,0.62,0.9,0.63,885,0.24,1164,599,565,0.73,0.94,0.74,407,0.11,974,500,474,0.32,0.66,0.33,1340,670,680,33,34,34,33,34,1190,600,590,30,30,29.5,30,30,1060,530,520,26,26,26,27,26,0,0,0,0,0,0,0,0,280
2021,New Hampshire,11050,0.71,1065,540,526,132,0.01,935,472,463,0.16,0.43,0.23,512,0.05,1250,609,641,0.77,0.88,0.79,196,0.02,1023,519,504,0.39,0.64,0.4,583,0.05,1025,521,504,0.4,0.64,0.41,6842,0.62,1100,559,542,0.54,0.8,0.56,304,0.03,1137,574,563,0.6,0.84,0.62,2467,0.22,941,479,463,0.2,0.47,0.22,5547,0.5,1060,543,517,0.43,0.74,0.45,5491,0.5,1071,536,535,0.49,0.7,0.51,2765,0.36,988,506,483,0.38,0.69,0.39,74,0.01,939,470,469,0.26,0.53,0.3,834,0.11,985,507,479,0.34,0.72,0.36,224,0.03,1013,519,494,0.42,0.79,0.44,2030,0.26,1081,555,527,0.6,0.88,0.62,1730,0.22,1153,593,560,0.73,0.94,0.75,2531,0.33,977,500,478,0.36,0.66,0.37,1190,610,590,31,31,29.5,30,31,1050,540,520,27,26,26,27,27,920,470,450,24,23,22.5,24,23,14,0,1031,538,493,0.36,0.64,0.36,270
2021,New Jersey,54415,0.48,415,1125,562,168,0,1020,503,518,0.46,0.61,0.49,8314,0.15,1290,629,661,0.85,0.92,0.87,5053,0.09,969,491,478,0.29,0.53,0.31,11054,0.2,1012,508,504,0.38,0.6,0.41,25907,0.48,1154,579,576,0.67,0.87,0.69,1907,0.04,1172,588,584,0.68,0.86,0.69,1970,0.04,1036,518,518,0.43,0.57,0.45,28420,0.52,1112,561,551,0.56,0.78,0.58,25925,0.48,1138,562,576,0.63,0.77,0.65,4485,0.1,929,471,458,0.26,0.51,0.27,1578,0.03,909,456,453,0.22,0.47,0.24,7980,0.17,971,494,477,0.32,0.65,0.34,1820,0.04,997,510,487,0.37,0.73,0.39,14875,0.32,1082,551,531,0.57,0.85,0.59,13349,0.29,1147,584,563,0.7,0.9,0.71,4872,0.11,927,470,456,0.25,0.51,0.26,1280,640,650,32,33,32.5,32,32,1120,560,560,28,28,28,28,28,970,480,480,24,24,24,25,24,42,0,1016,504,512,0.38,0.6,0.45,310
2021,New Mexico,6270,0.3,996,508,488,446,0.07,887,450,437,0.11,0.3,0.13,201,0.03,1167,568,599,0.67,0.79,0.71,128,0.02,951,488,463,0.21,0.52,0.22,1613,0.26,1013,517,496,0.36,0.67,0.37,1919,0.31,1080,552,527,0.5,0.75,0.51,118,0.02,1156,582,574,0.64,0.86,0.65,1836,0.29,895,460,436,0.13,0.37,0.15,3433,0.55,983,506,477,0.29,0.57,0.3,2813,0.45,1012,511,501,0.37,0.6,0.4,190,0.07,964,490,473,0.27,0.6,0.32,102,0.04,955,486,469,0.29,0.6,0.29,433,0.16,981,505,477,0.33,0.7,0.34,156,0.06,1000,515,486,0.33,0.74,0.35,798,0.3,1067,549,518,0.53,0.85,0.54,867,0.33,1153,597,556,0.7,0.94,0.71,223,0.08,963,491,472,0.27,0.6,0.31,1120,580,550,29,28,27.5,29,29,970,500,480,25,24,24,25,25,840,430,400,22,21,20,22,22,0,0,0,0,0,0,0,0,280
2021,New York,116219,0.55,1057,526,531,649,0.01,925,462,463,0.23,0.38,0.26,15509,0.13,1190,571,619,0.71,0.78,0.77,15279,0.13,942,475,466,0.24,0.46,0.27,30384,0.26,962,483,480,0.29,0.48,0.32,39646,0.34,1165,581,584,0.71,0.87,0.73,3369,0.03,1149,575,574,0.64,0.81,0.66,11216,0.1,889,446,443,0.18,0.29,0.2,59516,0.51,1055,529,526,0.47,0.66,0.5,56517,0.49,1059,523,537,0.49,0.62,0.53,5949,0.1,975,495,480,0.35,0.63,0.37,2088,0.03,960,481,479,0.33,0.58,0.36,9720,0.16,1001,508,493,0.41,0.72,0.43,3531,0.06,1023,519,504,0.47,0.78,0.5,18115,0.3,1074,545,529,0.59,0.85,0.61,19204,0.31,1129,575,554,0.69,0.9,0.7,5752,0.09,958,487,471,0.3,0.59,0.32,1220,610,620,31,30,31,30,31,1050,520,530,26,26,26.5,27,26,880,440,440,22,21,22,23,22,167,0,955,479,476,0.27,0.5,0.3,340
2021,North Carolina,26520,0.23,520,1150,578,120,0,1041,524,517,0.43,0.69,0.45,2235,0.08,1283,625,658,0.86,0.92,0.89,3324,0.13,1007,511,497,0.34,0.63,0.37,2259,0.09,1100,554,545,0.56,0.79,0.59,16725,0.63,1169,590,579,0.72,0.91,0.73,1248,0.05,1144,576,569,0.65,0.85,0.67,589,0.02,1125,567,558,0.56,0.77,0.59,14425,0.54,1138,579,559,0.63,0.86,0.64,12058,0.45,1163,578,585,0.7,0.85,0.73,1521,0.08,995,507,488,0.38,0.68,0.4,424,0.02,976,493,483,0.38,0.66,0.4,2277,0.13,1011,517,494,0.39,0.74,0.42,971,0.05,1031,527,504,0.47,0.8,0.49,6616,0.37,1101,564,537,0.63,0.88,0.64,5610,0.31,1166,598,568,0.74,0.93,0.75,1625,0.09,986,503,483,0.36,0.67,0.38,1280,650,640,32,32,32,33,33,1150,580,570,29,29,28.5,29,30,1020,510,510,26,25,25.5,26,26,20,0,1057,540,517,0.55,0.75,0.55,260
2021,North Dakota,96,0.01,1258,631,628,0,0,0,0,0,0,0,0,13,0.14,1257,599,658,0.69,0.77,0.92,0,0,0,0,0,0,0,0,0,0,0,0,0,0,0,0,61,0.64,1283,649,634,0.85,0.95,0.85,0,0,0,0,0,0,0,0,0,0,0,0,0,0,0,0,49,0.51,1237,633,604,0.82,0.94,0.82,47,0.49,1280,628,652,0.79,0.85,0.89,35,0.03,982,495,487,0.34,0.66,0.43,13,0.01,982,496,486,0.46,0.62,0.46,151,0.15,999,506,493,0.43,0.75,0.44,98,0.1,1019,523,496,0.42,0.78,0.43,429,0.43,1093,556,538,0.67,0.89,0.69,224,0.22,1148,586,562,0.74,0.91,0.75,47,0.05,1007,510,497,0.43,0.74,0.51,1390,700,700,34,35,35,35,34,1260,640,620,32,33,31,33,32,1150,580,570,27,29,28.5,28,28,0,0,0,0,0,0,0,0,240
2021,Ohio,19639,0.15,639,1048,525,130,0.01,958,483,475,0.28,0.54,0.29,1290,0.07,1252,606,647,0.79,0.85,0.83,3879,0.2,879,443,435,0.14,0.3,0.16,1522,0.08,954,480,474,0.29,0.47,0.31,10767,0.55,1111,557,554,0.59,0.77,0.61,843,0.04,1077,542,536,0.49,0.68,0.51,1192,0.06,918,463,456,0.21,0.38,0.23,9713,0.49,1036,524,512,0.43,0.63,0.44,9904,0.5,1060,526,534,0.49,0.63,0.52,2717,0.09,999,510,489,0.42,0.7,0.43,587,0.02,927,470,457,0.26,0.54,0.28,4828,0.15,1001,511,490,0.4,0.73,0.41,1498,0.05,1028,526,503,0.46,0.78,0.49,12312,0.39,1102,562,540,0.64,0.89,0.66,8360,0.26,1163,594,568,0.75,0.93,0.76,2825,0.09,984,502,482,0.38,0.68,0.4,1210,610,600,31,31,30,30,31,1040,520,520,26,26,26,27,26,870,430,430,22,21,21.5,22,22,16,0,899,447,452,0.31,0.38,0.38,340
2021,Oklahoma,2631,0.06,631,1042,535,105,0.04,1032,532,500,0.32,0.69,0.34,223,0.08,1212,597,614,0.7,0.85,0.75,332,0.13,890,461,429,0.12,0.38,0.12,607,0.23,963,493,470,0.25,0.54,0.26,983,0.37,1112,575,537,0.53,0.84,0.54,241,0.09,1095,565,530,0.49,0.8,0.51,135,0.05,906,465,441,0.18,0.35,0.19,1385,0.53,1038,538,500,0.37,0.7,0.37,1236,0.47,1048,532,516,0.44,0.66,0.45,323,0.06,1025,534,491,0.42,0.78,0.44,233,0.04,947,486,461,0.28,0.57,0.3,1026,0.18,1008,523,485,0.39,0.79,0.4,262,0.05,1028,535,493,0.42,0.76,0.42,2100,0.37,1103,574,529,0.62,0.9,0.63,1399,0.25,1145,597,548,0.7,0.94,0.7,335,0.06,1010,526,484,0.4,0.76,0.41,1200,620,590,31,31,29.5,31,31,1030,530,500,27,26,25,27,26,870,450,420,23,22,21,23,22,0,0,0,0,0,0,0,0,330
2021,Oregon,7176,0.17,1119,565,554,75,0.01,970,493,478,0.31,0.57,0.31,703,0.1,1234,598,635,0.75,0.83,0.8,232,0.03,887,447,440,0.17,0.35,0.2,852,0.12,1015,513,503,0.37,0.61,0.39,4430,0.62,1141,579,562,0.63,0.85,0.64,590,0.08,1115,565,550,0.57,0.79,0.59,257,0.04,1057,536,521,0.41,0.62,0.44,3649,0.51,1103,564,539,0.53,0.78,0.54,3482,0.49,1134,564,569,0.62,0.78,0.65,241,0.07,1009,520,489,0.4,0.73,0.41,90,0.03,938,480,458,0.23,0.62,0.26,503,0.16,991,511,480,0.33,0.74,0.35,164,0.05,1034,532,502,0.39,0.83,0.39,1166,0.36,1105,570,535,0.62,0.91,0.63,949,0.29,1182,611,571,0.75,0.94,0.75,267,0.08,992,511,481,0.34,0.72,0.36,1270,640,630,32,32,31.5,32,32,1120,570,550,28,28,27.5,28,28,970,490,480,25,24,24,25,24,37,0.01,881,445,436,0.11,0.24,0.14,300
2021,Pennsylvania,56934,0.39,934,1123,566,234,0,1013,508,505,0.37,0.63,0.42,4200,0.07,1249,608,640,0.79,0.88,0.83,3750,0.07,969,494,475,0.27,0.55,0.29,3734,0.07,1047,530,516,0.43,0.69,0.45,41059,0.72,1136,574,563,0.64,0.87,0.65,2261,0.04,1127,571,556,0.58,0.83,0.6,1668,0.03,1026,520,506,0.39,0.62,0.41,30880,0.54,1109,565,544,0.56,0.83,0.57,25964,0.46,1141,567,573,0.65,0.83,0.68,3002,0.07,930,471,459,0.25,0.53,0.27,905,0.02,921,464,457,0.23,0.51,0.26,8058,0.18,975,498,478,0.34,0.67,0.36,2327,0.05,997,511,486,0.38,0.74,0.4,15608,0.35,1069,548,522,0.56,0.85,0.58,12408,0.28,1133,580,553,0.68,0.9,0.69,3332,0.08,921,466,455,0.22,0.51,0.25,1250,630,620,32,32,31,32,32,1120,570,550,28,28,27.5,28,29,1000,500,490,25,25,24.5,25,25,28,0,1034,522,512,0.39,0.61,0.43,250
2021,Puerto Rico,0,0,383,994,511,0,0,0,0,0,0,0,0,0,0,0,0,0,0,0,0,0,0,0,0,0,0,0,0,2328,0.98,994,511,483,0.28,0.63,0.3,17,0.01,1076,559,518,0.35,0.76,0.35,0,0,0,0,0,0,0,0,29,0.01,980,504,476,0.31,0.55,0.34,1214,0.51,981,510,471,0.25,0.63,0.26,1168,0.49,1008,514,495,0.32,0.63,0.35,48,0.03,874,454,420,0.06,0.35,0.06,11,0.01,805,413,393,0,0.27,0,80,0.05,921,474,447,0.14,0.61,0.16,34,0.02,941,489,452,0.15,0.62,0.18,605,0.41,986,519,468,0.25,0.77,0.26,647,0.43,1024,540,484,0.35,0.82,0.36,60,0.04,869,448,421,0.05,0.33,0.05,1100,570,540,29,29,27,28,28,980,510,470,25,25,23.5,25,25,870,440,410,22,22,20.5,22,22,0,0,0,0,0,0,0,0,230
2021,Rhode Island,7833,0.68,833,1011,514,102,0.01,973,492,481,0.31,0.52,0.32,366,0.05,1110,543,567,0.53,0.69,0.58,586,0.07,893,459,434,0.16,0.37,0.16,1275,0.16,919,470,449,0.2,0.43,0.21,4504,0.58,1070,544,525,0.48,0.75,0.49,295,0.04,1056,539,517,0.44,0.73,0.46,691,0.09,836,428,408,0.08,0.23,0.08,4001,0.51,1011,519,492,0.36,0.64,0.36,3827,0.49,1011,510,502,0.39,0.59,0.41,739,0.13,969,499,470,0.36,0.68,0.37,287,0.05,851,432,419,0.15,0.38,0.16,1006,0.18,925,475,451,0.23,0.57,0.24,229,0.04,989,512,477,0.33,0.79,0.34,1568,0.28,1049,541,507,0.5,0.84,0.51,1335,0.24,1105,571,534,0.61,0.89,0.62,759,0.14,950,487,463,0.32,0.64,0.33,1150,590,570,30,29,28.5,30,30,1000,510,490,26,25,24.5,26,25,850,430,410,22,21,20.5,22,22,14,0,882,466,416,0.14,0.5,0.14,300
2021,South Carolina,25595,0.48,595,1036,529,184,0.01,951,482,468,0.25,0.52,0.27,846,0.03,1151,567,585,0.65,0.79,0.69,4308,0.17,915,469,447,0.15,0.43,0.16,2290,0.09,1002,510,492,0.33,0.62,0.36,14888,0.58,1089,557,532,0.51,0.8,0.52,1104,0.04,1045,537,508,0.4,0.72,0.41,1923,0.08,886,452,433,0.12,0.34,0.14,13858,0.54,1031,532,499,0.37,0.7,0.38,11671,0.46,1042,525,517,0.44,0.66,0.46,494,0.04,914,470,444,0.17,0.53,0.18,251,0.02,945,482,463,0.26,0.59,0.27,1736,0.16,988,511,477,0.33,0.71,0.34,707,0.06,1016,525,491,0.4,0.77,0.41,4257,0.38,1064,551,513,0.51,0.85,0.53,3264,0.29,1124,583,542,0.65,0.9,0.66,585,0.05,916,471,445,0.17,0.55,0.18,1160,600,570,30,30,28.5,30,30,1030,530,500,27,26,25,27,26,890,450,430,23,22,21.5,23,23,52,0,981,501,480,0.27,0.67,0.27,270
2021,South Dakota,139,0.01,1215,605,610,0,0,0,0,0,0,0,0,18,0.13,1294,617,677,0.83,0.83,0.94,0,0,0,0,0,0,0,0,13,0.09,1203,616,587,0.77,1,0.77,91,0.65,1220,609,610,0.84,0.93,0.84,0,0,0,0,0,0,0,0,0,0,0,0,0,0,0,0,78,0.56,1187,594,593,0.74,0.91,0.77,60,0.43,1247,616,631,0.88,0.9,0.9,98,0.08,1036,529,507,0.51,0.85,0.52,11,0.01,952,484,468,0.27,0.64,0.36,150,0.12,1072,549,523,0.56,0.85,0.59,73,0.06,1063,546,517,0.52,0.86,0.52,513,0.42,1110,565,545,0.7,0.92,0.72,281,0.23,1171,597,574,0.82,0.97,0.83,102,0.08,1026,528,497,0.43,0.83,0.44,1340,660,690,33,34,34.5,34,33,1230,610,610,30,31,30.5,31,31,1080,540,540,27,26,27,28,28,0,0,0,0,0,0,0,0,260
2021,Tennessee,2625,0.04,625,1220,618,10,0,1132,580,552,0.6,0.8,0.6,324,0.12,1343,650,692,0.91,0.96,0.93,218,0.08,1095,565,530,0.5,0.79,0.51,174,0.07,1183,604,579,0.7,0.93,0.7,1638,0.62,1229,626,603,0.78,0.95,0.79,125,0.05,1256,640,617,0.83,0.94,0.84,134,0.05,1033,523,511,0.45,0.61,0.47,1419,0.54,1206,618,588,0.72,0.92,0.72,1202,0.46,1237,618,619,0.79,0.91,0.81,985,0.09,1036,535,501,0.46,0.79,0.47,196,0.02,1029,526,503,0.45,0.77,0.48,1425,0.13,1060,548,512,0.52,0.86,0.53,427,0.04,1081,562,519,0.52,0.88,0.54,4187,0.38,1132,587,545,0.67,0.93,0.68,3635,0.33,1177,608,569,0.76,0.95,0.77,968,0.09,1023,528,495,0.44,0.78,0.45,1370,690,680,34,35,34,34,34,1230,630,600,31,32,30,31,31,1090,560,530,27,28,26.5,27,27,0,0,0,0,0,0,0,0,280
2021,Texas,225685,0.59,685,1003,505,2268,0.01,912,458,454,0.18,0.38,0.21,16156,0.07,1205,589,616,0.73,0.83,0.77,25293,0.11,917,465,452,0.19,0.42,0.2,98010,0.43,947,477,470,0.24,0.47,0.26,66749,0.3,1080,547,533,0.52,0.75,0.54,7212,0.03,1069,541,528,0.47,0.73,0.49,9655,0.04,891,450,441,0.15,0.33,0.16,116412,0.52,999,508,491,0.33,0.59,0.35,108941,0.48,1007,502,505,0.38,0.56,0.41,10535,0.07,882,443,439,0.18,0.42,0.2,14440,0.09,891,445,445,0.19,0.44,0.21,37613,0.24,944,479,465,0.27,0.59,0.29,8733,0.06,976,497,479,0.34,0.67,0.37,46750,0.3,1065,544,521,0.56,0.82,0.57,30006,0.19,1127,575,552,0.67,0.87,0.68,13177,0.08,880,442,438,0.18,0.41,0.19,1130,580,560,29,29,28,29,29,980,500,490,25,24,24.5,25,25,850,430,420,22,21,21,22,22,342,0,962,486,477,0.25,0.52,0.28,280
2021,US Virgin Islands,0,0,478,920,484,0,0,0,0,0,0,0,0,10,0.02,1096,539,557,0.6,0.8,0.6,294,0.62,895,473,421,0.09,0.44,0.09,107,0.22,904,481,423,0.07,0.49,0.07,37,0.08,1088,556,532,0.46,0.84,0.46,14,0.03,1011,543,468,0.29,0.79,0.29,13,0.03,908,470,438,0.15,0.38,0.15,291,0.61,916,487,429,0.11,0.51,0.11,187,0.39,925,481,444,0.16,0.48,0.17,22,0.1,866,441,425,0.14,0.41,0.14,10,0.05,893,455,438,0.2,0.5,0.2,43,0.2,905,474,431,0.14,0.51,0.16,13,0.06,982,529,453,0.08,0.85,0.08,61,0.28,1002,528,474,0.34,0.77,0.34,51,0.23,1086,565,521,0.55,0.84,0.55,25,0.11,978,493,485,0.32,0.6,0.32,1010,540,480,27,27,24,27,27,890,470,420,24,24,21,24,23,810,430,380,21,21,19,21,20,0,0,0,0,0,0,0,0,200
2021,Utah,654,0.01,654,1238,621,0,0,0,0,0,0,0,0,94,0.14,1289,612,676,0.83,0.85,0.9,0,0,0,0,0,0,0,0,58,0.09,1161,588,574,0.71,0.86,0.71,405,0.62,1256,637,619,0.81,0.95,0.82,42,0.06,1285,652,633,0.83,0.98,0.83,43,0.07,1066,531,535,0.53,0.7,0.56,317,0.48,1221,626,595,0.74,0.92,0.75,335,0.51,1255,617,638,0.83,0.9,0.85,673,0.18,1065,549,516,0.53,0.83,0.55,96,0.03,947,484,464,0.3,0.65,0.31,463,0.12,1046,537,509,0.51,0.83,0.51,182,0.05,1096,565,531,0.66,0.91,0.67,1300,0.34,1143,590,553,0.73,0.95,0.74,1230,0.32,1198,617,581,0.83,0.97,0.84,645,0.17,1043,538,505,0.49,0.8,0.51,1380,690,700,34,35,35,35,34,1260,640,620,31,32,31,31,32,1120,560,540,28,28,27,28,28,0,0,0,0,0,0,0,0,260
2021,Vermont,2633,0.41,633,1124,571,22,0.01,976,503,473,0.23,0.59,0.23,124,0.05,1198,567,631,0.73,0.81,0.79,36,0.01,967,496,471,0.19,0.61,0.19,95,0.04,1104,566,538,0.48,0.79,0.52,2060,0.78,1136,579,558,0.62,0.86,0.63,89,0.03,1136,578,559,0.61,0.85,0.61,206,0.08,1006,515,491,0.33,0.65,0.35,1376,0.52,1107,568,539,0.54,0.84,0.55,1238,0.47,1143,573,569,0.63,0.83,0.66,648,0.22,989,508,480,0.36,0.72,0.38,35,0.01,887,449,438,0.23,0.46,0.26,419,0.14,968,500,468,0.26,0.69,0.28,138,0.05,1026,526,500,0.43,0.8,0.45,968,0.32,1054,546,508,0.49,0.86,0.51,782,0.26,1117,581,536,0.64,0.92,0.66,777,0.26,981,506,475,0.33,0.7,0.35,1250,640,620,32,32,31,32,32,1120,570,550,29,28,27.5,29,29,1000,500,480,26,24,24,26,25,0,0,0,0,0,0,0,0,250
2021,Virginia,38927,0.41,927,1151,584,97,0,1044,532,512,0.39,0.66,0.39,5258,0.14,1264,620,644,0.82,0.92,0.84,4962,0.13,1009,517,492,0.32,0.66,0.33,4197,0.11,1088,554,534,0.5,0.79,0.52,20666,0.53,1172,597,574,0.68,0.92,0.69,2518,0.06,1157,590,567,0.62,0.88,0.63,1188,0.03,1105,562,543,0.51,0.74,0.52,20519,0.53,1139,584,554,0.59,0.87,0.59,18329,0.47,1165,583,582,0.67,0.86,0.69,1414,0.05,966,493,473,0.3,0.62,0.32,607,0.02,947,478,469,0.29,0.56,0.32,3543,0.13,997,511,487,0.35,0.73,0.37,1096,0.04,1011,523,488,0.38,0.78,0.4,9964,0.35,1090,561,529,0.57,0.88,0.58,10250,0.36,1161,596,565,0.72,0.93,0.73,1555,0.06,963,493,471,0.28,0.63,0.3,1290,650,640,33,33,32,33,33,1140,580,560,29,29,28,29,30,1010,520,490,26,25,24.5,26,26,41,0,1123,570,553,0.66,0.9,0.66,280
2021,Washington,19979,0.27,979,1072,537,222,0.01,918,460,458,0.18,0.38,0.21,3061,0.15,1185,576,609,0.69,0.77,0.73,1125,0.06,915,461,454,0.19,0.38,0.21,3435,0.17,944,475,470,0.25,0.44,0.27,8913,0.45,1130,571,560,0.62,0.81,0.64,1337,0.07,1125,566,559,0.58,0.76,0.6,1663,0.08,931,469,462,0.22,0.4,0.24,10199,0.51,1061,537,523,0.46,0.67,0.48,9731,0.49,1084,537,547,0.52,0.66,0.56,1228,0.11,1019,522,497,0.4,0.71,0.42,319,0.03,922,464,458,0.22,0.49,0.24,1551,0.14,1018,521,498,0.41,0.76,0.42,465,0.04,1043,537,506,0.45,0.82,0.47,3654,0.34,1131,581,550,0.66,0.91,0.67,3212,0.3,1212,621,590,0.79,0.95,0.8,1240,0.11,997,511,486,0.36,0.69,0.38,1240,620,610,31,31,30.5,31,32,1060,530,530,27,26,26.5,27,27,900,450,450,23,21,22.5,23,23,223,0.01,866,434,432,0.14,0.27,0.17,340
2021,West Virginia,8073,0.45,1007,520,487,25,0,926,468,458,0.16,0.28,0.24,119,0.01,1142,561,580,0.62,0.73,0.68,264,0.03,910,474,436,0.11,0.45,0.12,204,0.03,1009,523,486,0.29,0.67,0.3,6893,0.85,1011,522,488,0.32,0.68,0.33,264,0.03,1018,530,488,0.32,0.67,0.32,302,0.04,938,486,452,0.19,0.51,0.2,4663,0.58,993,518,475,0.26,0.66,0.27,3398,0.42,1024,522,502,0.38,0.66,0.4,305,0.06,873,450,423,0.13,0.44,0.15,93,0.02,844,436,408,0.08,0.37,0.08,1228,0.26,930,482,449,0.21,0.6,0.21,282,0.06,974,506,468,0.27,0.72,0.28,1546,0.33,1015,527,488,0.38,0.79,0.4,926,0.2,1071,558,513,0.52,0.87,0.53,310,0.07,859,444,415,0.1,0.42,0.11,1120,580,540,29,29,27,29,29,1000,520,480,26,26,24,26,26,880,450,420,23,22,21,23,23,0,0,0,0,0,0,0,0,240
2021,Wisconsin,874,0.01,874,1215,604,0,0,0,0,0,0,0,0,187,0.21,1306,616,689,0.86,0.88,0.94,44,0.05,1061,540,521,0.48,0.75,0.48,128,0.15,1008,518,490,0.34,0.63,0.35,434,0.5,1261,634,627,0.83,0.95,0.85,40,0.05,1264,640,624,0.8,0.95,0.8,39,0.04,1066,531,536,0.49,0.64,0.51,423,0.48,1198,604,594,0.69,0.86,0.73,446,0.51,1233,605,628,0.77,0.87,0.8,952,0.11,1065,543,522,0.55,0.83,0.57,113,0.01,975,497,478,0.35,0.67,0.37,1140,0.13,1049,537,512,0.52,0.83,0.54,556,0.06,1069,546,523,0.59,0.87,0.61,3664,0.42,1125,574,551,0.72,0.93,0.73,2171,0.25,1184,605,579,0.8,0.95,0.81,1035,0.12,1051,538,513,0.51,0.81,0.53,1390,690,710,34,35,35.5,34,35,1240,620,620,31,31,31,30,31,1060,530,530,26,27,26.5,27,27,0,0,0,0,0,0,0,0,330
2021,Wyoming,99,0.02,1233,626,607,0,0,0,0,0,0,0,0,0,0,0,0,0,0,0,0,0,0,0,0,0,0,0,0,0,0,0,0,0,0,0,0,82,0.83,1227,623,604,0.85,0.96,0.87,0,0,0,0,0,0,0,0,0,0,0,0,0,0,0,0,44,0.44,1207,623,584,0.8,0.95,0.82,55,0.56,1254,628,626,0.91,0.98,0.91,196,0.24,1045,534,511,0.5,0.84,0.51,20,0.02,927,460,467,0.25,0.45,0.35,120,0.15,1019,523,496,0.42,0.82,0.43,51,0.06,1049,534,516,0.49,0.84,0.53,227,0.27,1095,561,534,0.63,0.89,0.66,195,0.24,1163,598,565,0.79,0.96,0.79,181,0.22,1044,534,510,0.5,0.85,0.5,1330,680,660,34,34,33,34,34,1220,630,600,32,31,30,31,32,1150,560,540,28,28,27,28,28,0,0,0,0,0,0,0,0,180
