State,Total_SAT_Takers,Total_Participation_Rate,Race_Asian_N,Race_Asian_Pct,Race_Asian_Mean_Tot,Race_Asian_Mean_ERW,Race_Asian_Mean_Math,Race_Asian_Met_Both,Race_Asian_Met_ERW,Race_Asian_Met_Math,Race_Black_N,Race_Black_Pct,Race_Black_Mean_Tot,Race_Black_Mean_ERW,Race_Black_Mean_Math,Race_Black_Met_Both,Race_Black_Met_ERW,Race_Black_Met_Math,Race_Hispanic_N,Race_Hispanic_Pct,Race_Hispanic_Mean_Tot,Race_Hispanic_Mean_ERW,Race_Hispanic_Mean_Math,Race_Hispanic_Met_Both,Race_Hispanic_Met_ERW,Race_Hispanic_Met_Math,Race_White_N,Race_White_Pct,Race_White_Mean_Tot,Race_White_Mean_ERW,Race_White_Mean_Math,Race_White_Met_Both,Race_White_Met_ERW,Race_White_Met_Math,Race_Multi_N,Race_Multi_Pct,Race_Multi_Mean_Tot,Race_Multi_Mean_ERW,Race_Multi_Mean_Math,Race_Multi_Met_Both,Race_Multi_Met_ERW,Race_Multi_Met_Math,Race_NoResp_N,Race_NoResp_Pct,Race_NoResp_Mean_Tot,Race_NoResp_Mean_ERW,Race_NoResp_Mean_Math,Race_NoResp_Met_Both,Race_NoResp_Met_ERW,Race_NoResp_Met_Math,Gen_Female_N,Gen_Female_Pct,Gen_Female_Mean_Tot,Gen_Female_Mean_ERW,Gen_Female_Mean_Math,Gen_Female_Met_Both,Gen_Female_Met_ERW,Gen_Female_Met_Math,Gen_Male_N,Gen_Male_Pct,Gen_Male_Mean_Tot,Gen_Male_Mean_ERW,Gen_Male_Mean_Math,Gen_Male_Met_Both,Gen_Male_Met_ERW,Gen_Male_Met_Math,Gen_NoResp_N,Gen_NoResp_Pct,Gen_NoResp_Mean_Tot,Gen_NoResp_Mean_ERW,Gen_NoResp_Mean_Math,Gen_NoResp_Met_Both,Gen_NoResp_Met_ERW,Gen_NoResp_Met_Math,Edu_NoHS_N,Edu_NoHS_Pct,Edu_NoHS_Mean_Tot,Edu_NoHS_Mean_ERW,Edu_NoHS_Mean_Math,Edu_NoHS_Met_Both,Edu_NoHS_Met_ERW,Edu_NoHS_Met_Math,Edu_HS_N,Edu_HS_Pct,Edu_HS_Mean_Tot,Edu_HS_Mean_ERW,Edu_HS_Mean_Math,Edu_HS_Met_Both,Edu_HS_Met_ERW,Edu_HS_Met_Math,Edu_Assoc_N,Edu_Assoc_Pct,Edu_Assoc_Mean_Tot,Edu_Assoc_Mean_ERW,Edu_Assoc_Mean_Math,Edu_Assoc_Met_Both,Edu_Assoc_Met_ERW,Edu_Assoc_Met_Math,Edu_Bach_N,Edu_Bach_Pct,Edu_Bach_Mean_Tot,Edu_Bach_Mean_ERW,Edu_Bach_Mean_Math,Edu_Bach_Met_Both,Edu_Bach_Met_ERW,Edu_Bach_Met_Math,Edu_Grad_N,Edu_Grad_Pct,Edu_Grad_Mean_Tot,Edu_Grad_Mean_ERW,Edu_Grad_Mean_Math,Edu_Grad_Met_Both,Edu_Grad_Met_ERW,Edu_Grad_Met_Math,Edu_NoResp_N,Edu_NoResp_Pct,Edu_NoResp_Mean_Tot,Edu_NoResp_Mean_ERW,Edu_NoResp_Mean_Math,Edu_NoResp_Met_Both,Edu_NoResp_Met_ERW,Edu_NoResp_Met_Math,Loc_City_N,Loc_City_Pct,Loc_City_Mean_Tot,Loc_City_Mean_ERW,Loc_City_Mean_Math,Loc_City_Met_Both,Loc_City_Met_ERW,Loc_City_Met_Math,Loc_Suburb_N,Loc_Suburb_Pct,Loc_Suburb_Mean_Tot,Loc_Suburb_Mean_ERW,Loc_Suburb_Mean_Math,Loc_Suburb_Met_Both,Loc_Suburb_Met_ERW,Loc_Suburb_Met_Math,Loc_TownRural_N,Loc_TownRural_Pct,Loc_TownRural_Mean_Tot,Loc_TownRural_Mean_ERW,Loc_TownRural_Mean_Math,Loc_TownRural_Met_Both,Loc_TownRural_Met_ERW,Loc_TownRural_Met_Math,Loc_Unknown_N,Loc_Unknown_Pct,Loc_Unknown_Mean_Tot,Loc_Unknown_Mean_ERW,Loc_Unknown_Mean_Math,Loc_Unknown_Met_Both,Loc_Unknown_Met_ERW,Loc_Unknown_Met_Math,Inc_Highest_N,Inc_Highest_Pct,Inc_Highest_Mean_Tot,Inc_Highest_Mean_ERW,Inc_Highest_Mean_Math,Inc_Highest_Met_Both,Inc_Highest_Met_ERW,Inc_Highest_Met_Math,Race_AmInd_N,Race_AmInd_Pct,Race_AmInd_Mean_Tot,Race_AmInd_Mean_ERW,Race_AmInd_Mean_Math,Race_AmInd_Met_Both,Race_AmInd_Met_ERW,Race_AmInd_Met_Math,Race_NatHaw_N,Race_NatHaw_Pct,Race_NatHaw_Mean_Tot,Race_NatHaw_Mean_ERW,Race_NatHaw_Mean_Math,Race_NatHaw_Met_Both,Race_NatHaw_Met_ERW,Race_NatHaw_Met_Math
Alabama,1556,0.03,234.0,0.15,1297.0,632.0,665.0,0.86,0.92,0.9,276.0,0.18,1028.0,538.0,490.0,0.32,0.76,0.33,139.0,0.09,1137.0,590.0,547.0,0.55,0.87,0.55,761.0,0.49,1198.0,620.0,578.0,0.67,0.95,0.67,73.0,0.05,1150.0,593.0,557.0,0.62,0.9,0.62,67.0,0.04,1127.0,582.0,545.0,0.49,0.82,0.49,816.0,0.52,1136.0,591.0,545.0,0.53,0.89,0.54,733.0,0.47,1211.0,612.0,598.0,0.71,0.91,0.72,64.0,0.04,1109.0,572.0,537.0,0.45,0.83,0.45,55.0,0.04,1067.0,543.0,525.0,0.44,0.76,0.45,207.0,0.13,1093.0,565.0,528.0,0.48,0.83,0.5,76.0,0.05,1116.0,579.0,538.0,0.47,0.86,0.47,499.0,0.32,1164.0,597.0,567.0,0.61,0.9,0.62,589.0,0.38,1229.0,631.0,599.0,0.73,0.95,0.73,130.0,0.08,1140.0,580.0,560.0,0.52,0.82,0.52,497.0,0.32,1174.0,601.0,573.0,0.65,0.88,0.66,386.0,0.25,1194.0,609.0,585.0,0.65,0.9,0.66,315.0,0.2,1121.0,578.0,544.0,0.5,0.88,0.51,358.0,0.23,1189.0,614.0,574.0,0.63,0.94,0.64,461.0,0.3,1257.0,637.0,620.0,0.79,0.96,0.79,0.0,0.0,0.0,0.0,0.0,0.0,0.0,0.0,0.0,0.0,0.0,0.0,0.0,0.0,0.0,0.0
Alaska,2332,0.27,139.0,0.06,1083.0,545.0,539.0,0.5,0.78,0.53,48.0,0.02,999.0,521.0,479.0,0.25,0.67,0.27,207.0,0.09,1050.0,544.0,506.0,0.36,0.76,0.38,1399.0,0.6,1124.0,582.0,542.0,0.54,0.86,0.55,284.0,0.12,1082.0,560.0,522.0,0.46,0.83,0.48,124.0,0.05,1103.0,572.0,531.0,0.52,0.82,0.54,1197.0,0.51,1075.0,562.0,513.0,0.43,0.81,0.43,1106.0,0.47,1118.0,571.0,548.0,0.56,0.83,0.57,161.0,0.07,1050.0,544.0,506.0,0.37,0.76,0.39,50.0,0.02,913.0,463.0,450.0,0.2,0.44,0.22,488.0,0.21,1032.0,532.0,499.0,0.35,0.72,0.36,129.0,0.06,1055.0,546.0,509.0,0.36,0.78,0.38,744.0,0.32,1121.0,581.0,540.0,0.54,0.88,0.55,589.0,0.25,1173.0,605.0,568.0,0.63,0.91,0.64,332.0,0.14,1046.0,541.0,505.0,0.41,0.73,0.42,726.0,0.31,1163.0,598.0,564.0,0.64,0.91,0.65,383.0,0.16,1064.0,552.0,513.0,0.39,0.75,0.4,1105.0,0.47,1066.0,551.0,515.0,0.43,0.78,0.45,118.0,0.05,1084.0,568.0,516.0,0.41,0.84,0.42,672.0,0.29,1158.0,595.0,563.0,0.63,0.9,0.64,117.0,0.05,942.0,478.0,463.0,0.17,0.44,0.2,14.0,0.01,1061.0,547.0,514.0,0.43,0.79,0.43
Arizona,8327,0.1,1346.0,0.16,1306.0,645.0,661.0,0.88,0.94,0.9,326.0,0.04,1108.0,567.0,541.0,0.55,0.83,0.56,2110.0,0.25,1105.0,565.0,541.0,0.56,0.81,0.57,3564.0,0.43,1211.0,618.0,593.0,0.75,0.94,0.76,537.0,0.06,1230.0,624.0,606.0,0.78,0.93,0.8,346.0,0.04,1196.0,609.0,587.0,0.71,0.89,0.72,4254.0,0.51,1169.0,599.0,570.0,0.66,0.89,0.67,4012.0,0.48,1219.0,612.0,607.0,0.76,0.91,0.78,486.0,0.06,1182.0,603.0,579.0,0.68,0.9,0.69,265.0,0.03,995.0,500.0,494.0,0.35,0.62,0.37,1203.0,0.14,1100.0,562.0,539.0,0.53,0.8,0.56,289.0,0.03,1139.0,578.0,561.0,0.64,0.85,0.64,2708.0,0.33,1207.0,613.0,595.0,0.74,0.94,0.75,2960.0,0.36,1261.0,639.0,622.0,0.83,0.96,0.83,902.0,0.11,1133.0,575.0,558.0,0.59,0.81,0.62,5943.0,0.71,1201.0,609.0,592.0,0.72,0.9,0.73,1093.0,0.13,1200.0,608.0,593.0,0.74,0.91,0.75,902.0,0.11,1139.0,580.0,559.0,0.61,0.87,0.64,389.0,0.05,1191.0,612.0,579.0,0.71,0.93,0.73,3342.0,0.4,1248.0,630.0,618.0,0.81,0.95,0.82,86.0,0.01,1023.0,516.0,507.0,0.4,0.66,0.44,12.0,0.0,1076.0,545.0,531.0,0.58,0.83,0.58
Arkansas,783,0.02,117.0,0.15,1278.0,636.0,641.0,0.81,0.92,0.84,66.0,0.08,1021.0,540.0,481.0,0.27,0.76,0.29,106.0,0.14,1108.0,573.0,534.0,0.51,0.85,0.51,410.0,0.52,1188.0,619.0,570.0,0.65,0.93,0.66,48.0,0.06,1227.0,636.0,591.0,0.71,0.94,0.71,31.0,0.04,1173.0,611.0,562.0,0.68,0.9,0.68,400.0,0.51,1144.0,599.0,545.0,0.54,0.9,0.55,373.0,0.48,1214.0,619.0,595.0,0.72,0.9,0.73,50.0,0.06,1164.0,605.0,559.0,0.54,0.88,0.56,29.0,0.04,1098.0,564.0,533.0,0.41,0.9,0.45,117.0,0.15,1095.0,569.0,526.0,0.46,0.81,0.47,42.0,0.05,1108.0,571.0,537.0,0.57,0.88,0.57,250.0,0.32,1189.0,618.0,571.0,0.64,0.92,0.65,285.0,0.36,1228.0,631.0,598.0,0.73,0.93,0.74,60.0,0.08,1133.0,594.0,540.0,0.52,0.88,0.52,399.0,0.51,1206.0,620.0,586.0,0.69,0.91,0.7,58.0,0.07,1115.0,583.0,532.0,0.48,0.9,0.48,230.0,0.29,1133.0,589.0,544.0,0.55,0.88,0.55,96.0,0.12,1204.0,626.0,578.0,0.64,0.91,0.66,189.0,0.24,1257.0,644.0,613.0,0.77,0.94,0.78,0.0,0.0,0.0,0.0,0.0,0.0,0.0,0.0,0.0,0.0,0.0,0.0,0.0,0.0,0.0,0.0
California,123259,0.26,27106.0,0.22,1278.0,632.0,646.0,0.83,0.92,0.85,5442.0,0.04,936.0,484.0,453.0,0.23,0.52,0.24,51899.0,0.42,945.0,483.0,462.0,0.25,0.51,0.26,26297.0,0.21,1200.0,613.0,587.0,0.71,0.92,0.71,7191.0,0.06,1211.0,616.0,595.0,0.72,0.9,0.72,4743.0,0.04,1160.0,584.0,576.0,0.62,0.76,0.63,62215.0,0.5,1077.0,551.0,526.0,0.47,0.71,0.48,60133.0,0.49,1113.0,558.0,555.0,0.56,0.73,0.57,21451.0,0.17,1008.0,513.0,495.0,0.34,0.61,0.35,10431.0,0.08,904.0,460.0,445.0,0.19,0.43,0.2,23858.0,0.19,985.0,502.0,482.0,0.31,0.59,0.32,4203.0,0.03,1040.0,531.0,508.0,0.41,0.69,0.42,29587.0,0.24,1179.0,597.0,582.0,0.67,0.88,0.68,31433.0,0.26,1267.0,638.0,629.0,0.8,0.93,0.81,23747.0,0.19,972.0,493.0,480.0,0.31,0.51,0.32,62459.0,0.51,1092.0,552.0,540.0,0.51,0.7,0.52,47029.0,0.38,1090.0,553.0,537.0,0.51,0.72,0.52,7432.0,0.06,1053.0,540.0,513.0,0.43,0.72,0.44,6339.0,0.05,1230.0,623.0,606.0,0.72,0.91,0.73,52282.0,0.42,1253.0,631.0,623.0,0.78,0.94,0.79,242.0,0.0,952.0,485.0,467.0,0.28,0.55,0.29,339.0,0.0,994.0,503.0,492.0,0.35,0.55,0.36
Colorado,59203,0.9,2095.0,0.04,1112.0,554.0,558.0,0.56,0.74,0.58,2397.0,0.04,892.0,457.0,434.0,0.16,0.41,0.17,19303.0,0.33,874.0,445.0,428.0,0.13,0.35,0.14,28875.0,0.49,1053.0,540.0,513.0,0.42,0.73,0.43,2672.0,0.05,1016.0,522.0,494.0,0.35,0.66,0.36,3312.0,0.06,1052.0,539.0,513.0,0.42,0.74,0.43,28954.0,0.49,981.0,506.0,475.0,0.29,0.59,0.3,29870.0,0.5,991.0,503.0,488.0,0.34,0.58,0.35,16263.0,0.27,993.0,508.0,485.0,0.34,0.62,0.35,4183.0,0.07,839.0,426.0,413.0,0.08,0.28,0.1,10083.0,0.17,930.0,478.0,453.0,0.19,0.49,0.2,1951.0,0.03,985.0,506.0,478.0,0.26,0.62,0.28,12453.0,0.21,1081.0,553.0,528.0,0.48,0.79,0.49,9267.0,0.16,1150.0,587.0,563.0,0.62,0.85,0.63,21266.0,0.36,916.0,469.0,447.0,0.2,0.46,0.21,24137.0,0.41,971.0,496.0,475.0,0.3,0.55,0.31,20638.0,0.35,1009.0,516.0,493.0,0.35,0.63,0.36,13584.0,0.23,973.0,499.0,474.0,0.28,0.57,0.29,844.0,0.01,1101.0,572.0,529.0,0.48,0.82,0.48,18597.0,0.31,1108.0,565.0,543.0,0.54,0.81,0.55,394.0,0.01,894.0,460.0,434.0,0.17,0.44,0.18,155.0,0.0,898.0,458.0,440.0,0.17,0.42,0.17
Connecticut,41532,0.91,2481.0,0.06,1199.0,595.0,604.0,0.67,0.82,0.7,5421.0,0.13,853.0,439.0,415.0,0.11,0.35,0.12,6203.0,0.15,941.0,482.0,459.0,0.26,0.53,0.27,23552.0,0.57,1007.0,515.0,492.0,0.35,0.63,0.36,2242.0,0.05,979.0,501.0,478.0,0.3,0.56,0.31,1073.0,0.03,1150.0,584.0,567.0,0.59,0.81,0.6,20245.0,0.49,992.0,511.0,481.0,0.31,0.61,0.32,21057.0,0.51,984.0,498.0,486.0,0.34,0.56,0.35,6922.0,0.17,909.0,464.0,445.0,0.22,0.46,0.23,2358.0,0.06,839.0,424.0,415.0,0.11,0.3,0.13,7590.0,0.18,917.0,471.0,446.0,0.18,0.48,0.19,1263.0,0.03,971.0,500.0,471.0,0.25,0.59,0.26,7993.0,0.19,1079.0,552.0,527.0,0.46,0.77,0.48,7852.0,0.19,1170.0,595.0,575.0,0.64,0.85,0.65,14476.0,0.35,903.0,462.0,442.0,0.2,0.44,0.21,11189.0,0.27,890.0,456.0,434.0,0.18,0.41,0.19,21223.0,0.51,1025.0,522.0,503.0,0.38,0.64,0.39,7606.0,0.18,1029.0,526.0,503.0,0.37,0.67,0.38,1514.0,0.04,1000.0,514.0,485.0,0.39,0.59,0.4,15979.0,0.38,1121.0,570.0,551.0,0.55,0.81,0.56,471.0,0.01,819.0,412.0,407.0,0.09,0.27,0.1,89.0,0.0,852.0,433.0,419.0,0.11,0.37,0.12
Delaware,11249,0.94,456.0,0.04,1189.0,591.0,598.0,0.69,0.84,0.73,2726.0,0.24,848.0,439.0,409.0,0.09,0.33,0.1,2252.0,0.2,857.0,438.0,419.0,0.1,0.35,0.11,4375.0,0.39,1009.0,521.0,489.0,0.33,0.66,0.34,685.0,0.06,946.0,490.0,456.0,0.22,0.53,0.23,724.0,0.06,857.0,441.0,416.0,0.15,0.36,0.15,5639.0,0.5,936.0,484.0,451.0,0.21,0.51,0.21,5559.0,0.49,928.0,474.0,454.0,0.24,0.48,0.24,997.0,0.09,906.0,466.0,439.0,0.22,0.48,0.22,988.0,0.09,813.0,414.0,399.0,0.06,0.24,0.06,3102.0,0.28,878.0,453.0,425.0,0.12,0.39,0.13,578.0,0.05,926.0,480.0,446.0,0.17,0.53,0.17,2679.0,0.24,1005.0,519.0,486.0,0.32,0.66,0.33,1769.0,0.16,1086.0,556.0,530.0,0.49,0.75,0.49,2133.0,0.19,853.0,437.0,416.0,0.13,0.34,0.13,1293.0,0.11,957.0,492.0,465.0,0.28,0.51,0.28,5151.0,0.46,902.0,465.0,437.0,0.17,0.45,0.18,4155.0,0.37,929.0,477.0,452.0,0.21,0.49,0.22,650.0,0.06,1161.0,594.0,568.0,0.62,0.88,0.62,2513.0,0.22,1070.0,548.0,522.0,0.45,0.73,0.46,27.0,0.0,833.0,431.0,402.0,0.07,0.33,0.07,0.0,0.0,0.0,0.0,0.0,0.0,0.0,0.0
District,5675,0.85,133.0,0.02,1238.0,619.0,618.0,0.76,0.93,0.77,2893.0,0.51,860.0,443.0,417.0,0.12,0.35,0.13,1154.0,0.2,900.0,463.0,438.0,0.21,0.43,0.22,954.0,0.17,1260.0,646.0,613.0,0.79,0.94,0.79,239.0,0.04,1114.0,573.0,541.0,0.51,0.73,0.52,279.0,0.05,927.0,479.0,448.0,0.27,0.45,0.28,2763.0,0.49,954.0,493.0,461.0,0.26,0.49,0.27,2880.0,0.51,961.0,491.0,470.0,0.32,0.5,0.32,1348.0,0.24,912.0,469.0,443.0,0.2,0.44,0.21,483.0,0.09,789.0,402.0,387.0,0.07,0.22,0.08,1360.0,0.24,843.0,433.0,409.0,0.09,0.32,0.1,145.0,0.03,870.0,446.0,424.0,0.1,0.37,0.12,811.0,0.14,1020.0,527.0,493.0,0.37,0.65,0.37,1329.0,0.23,1210.0,621.0,589.0,0.68,0.86,0.69,1547.0,0.27,874.0,449.0,424.0,0.18,0.37,0.18,5438.0,0.96,951.0,489.0,462.0,0.28,0.49,0.29,0.0,0.0,0.0,0.0,0.0,0.0,0.0,0.0,0.0,0.0,0.0,0.0,0.0,0.0,0.0,0.0,237.0,0.04,1119.0,575.0,544.0,0.51,0.7,0.52,2119.0,0.37,1151.0,591.0,560.0,0.59,0.8,0.59,17.0,0.0,784.0,393.0,391.0,0.12,0.18,0.12,0.0,0.0,0.0,0.0,0.0,0.0,0.0,0.0
Florida,204840,0.87,7569.0,0.04,1159.0,581.0,578.0,0.63,0.82,0.66,34590.0,0.17,876.0,455.0,421.0,0.11,0.4,0.13,83708.0,0.41,946.0,490.0,456.0,0.23,0.55,0.25,61103.0,0.3,1042.0,541.0,502.0,0.39,0.74,0.4,8205.0,0.04,1016.0,528.0,488.0,0.33,0.69,0.34,8930.0,0.04,868.0,448.0,420.0,0.17,0.38,0.19,103316.0,0.5,970.0,506.0,464.0,0.25,0.6,0.26,100837.0,0.49,969.0,498.0,471.0,0.3,0.57,0.31,20168.0,0.1,896.0,463.0,433.0,0.17,0.46,0.18,14493.0,0.07,843.0,435.0,408.0,0.1,0.33,0.12,49929.0,0.24,933.0,486.0,447.0,0.19,0.54,0.2,11051.0,0.05,989.0,516.0,474.0,0.26,0.66,0.27,46848.0,0.23,1049.0,543.0,506.0,0.4,0.75,0.41,34342.0,0.17,1089.0,560.0,529.0,0.49,0.77,0.5,48177.0,0.24,881.0,456.0,425.0,0.14,0.41,0.16,54351.0,0.27,967.0,501.0,466.0,0.28,0.58,0.29,118096.0,0.58,970.0,502.0,468.0,0.27,0.59,0.29,24316.0,0.12,941.0,489.0,451.0,0.22,0.55,0.23,8077.0,0.04,1081.0,558.0,522.0,0.46,0.77,0.47,26294.0,0.13,1123.0,577.0,547.0,0.55,0.84,0.56,475.0,0.0,893.0,460.0,432.0,0.15,0.46,0.16,260.0,0.0,912.0,470.0,442.0,0.18,0.45,0.18
Georgia,74667,0.56,6243.0,0.08,1214.0,599.0,615.0,0.73,0.85,0.76,23614.0,0.32,937.0,484.0,453.0,0.18,0.53,0.2,12625.0,0.17,978.0,498.0,480.0,0.29,0.59,0.3,26855.0,0.36,1110.0,572.0,538.0,0.52,0.86,0.53,3347.0,0.04,1075.0,553.0,522.0,0.44,0.79,0.46,1793.0,0.02,1037.0,532.0,505.0,0.38,0.68,0.4,39955.0,0.54,1027.0,530.0,497.0,0.34,0.7,0.35,34365.0,0.46,1050.0,533.0,517.0,0.43,0.7,0.45,3837.0,0.05,1014.0,517.0,497.0,0.36,0.64,0.38,4589.0,0.06,922.0,466.0,456.0,0.2,0.45,0.23,15930.0,0.21,973.0,501.0,473.0,0.25,0.6,0.26,4242.0,0.06,997.0,515.0,481.0,0.27,0.67,0.28,21371.0,0.29,1079.0,554.0,526.0,0.46,0.79,0.47,17519.0,0.23,1132.0,579.0,553.0,0.56,0.84,0.57,11016.0,0.15,967.0,493.0,475.0,0.26,0.56,0.28,11462.0,0.15,1033.0,531.0,502.0,0.38,0.68,0.39,40750.0,0.55,1038.0,529.0,509.0,0.4,0.68,0.41,19094.0,0.26,1027.0,531.0,497.0,0.34,0.72,0.35,3361.0,0.05,1116.0,578.0,538.0,0.51,0.84,0.52,19079.0,0.26,1156.0,588.0,568.0,0.62,0.87,0.63,142.0,0.0,979.0,503.0,476.0,0.32,0.58,0.34,48.0,0.0,1003.0,511.0,491.0,0.27,0.69,0.29
Hawaii,4173,0.29,1292.0,0.31,1172.0,588.0,584.0,0.68,0.89,0.7,39.0,0.01,1030.0,532.0,498.0,0.41,0.69,0.41,661.0,0.16,1049.0,539.0,510.0,0.37,0.76,0.38,465.0,0.11,1173.0,612.0,561.0,0.62,0.94,0.62,1390.0,0.33,1121.0,574.0,547.0,0.55,0.84,0.56,116.0,0.03,1206.0,612.0,594.0,0.66,0.88,0.66,2157.0,0.52,1111.0,570.0,540.0,0.52,0.84,0.53,1984.0,0.48,1139.0,576.0,563.0,0.59,0.84,0.6,214.0,0.05,1123.0,580.0,543.0,0.49,0.86,0.5,77.0,0.02,981.0,496.0,485.0,0.31,0.62,0.31,699.0,0.17,1043.0,534.0,510.0,0.39,0.74,0.4,267.0,0.06,1082.0,548.0,534.0,0.5,0.76,0.51,1578.0,0.38,1126.0,575.0,551.0,0.57,0.85,0.58,1028.0,0.25,1203.0,612.0,591.0,0.7,0.93,0.7,524.0,0.13,1121.0,572.0,549.0,0.52,0.84,0.54,1687.0,0.4,1129.0,573.0,557.0,0.57,0.84,0.58,947.0,0.23,1128.0,575.0,553.0,0.59,0.87,0.61,919.0,0.22,1093.0,564.0,529.0,0.47,0.79,0.48,620.0,0.15,1155.0,588.0,567.0,0.59,0.86,0.59,1747.0,0.42,1166.0,592.0,574.0,0.64,0.9,0.66,0.0,0.0,0.0,0.0,0.0,0.0,0.0,0.0,206.0,0.05,966.0,493.0,473.0,0.24,0.56,0.25
Idaho,16381,0.69,253.0,0.02,1127.0,560.0,567.0,0.57,0.76,0.6,177.0,0.01,869.0,439.0,430.0,0.16,0.35,0.16,2752.0,0.17,910.0,463.0,447.0,0.17,0.43,0.19,11055.0,0.67,1027.0,525.0,501.0,0.36,0.7,0.38,660.0,0.04,1025.0,525.0,501.0,0.37,0.69,0.38,1302.0,0.08,988.0,505.0,483.0,0.3,0.6,0.32,8268.0,0.5,997.0,514.0,483.0,0.29,0.64,0.3,8056.0,0.49,1007.0,510.0,497.0,0.36,0.63,0.37,2797.0,0.17,1041.0,533.0,508.0,0.41,0.72,0.43,902.0,0.06,846.0,429.0,417.0,0.07,0.29,0.08,3526.0,0.22,944.0,483.0,462.0,0.2,0.53,0.21,944.0,0.06,995.0,510.0,485.0,0.27,0.66,0.29,4419.0,0.27,1056.0,539.0,517.0,0.42,0.75,0.44,2527.0,0.15,1110.0,568.0,542.0,0.54,0.83,0.56,4063.0,0.25,965.0,493.0,472.0,0.26,0.56,0.28,5104.0,0.31,1014.0,517.0,496.0,0.36,0.66,0.37,3300.0,0.2,1030.0,528.0,503.0,0.36,0.7,0.38,7640.0,0.47,977.0,498.0,478.0,0.28,0.59,0.29,337.0,0.02,1147.0,598.0,549.0,0.58,0.87,0.59,1473.0,0.09,1127.0,573.0,553.0,0.57,0.85,0.58,145.0,0.01,887.0,455.0,432.0,0.09,0.41,0.1,37.0,0.0,943.0,473.0,470.0,0.3,0.57,0.3
Illinois,142400,0.99,7997.0,0.06,1179.0,583.0,596.0,0.67,0.81,0.69,18978.0,0.13,840.0,430.0,410.0,0.09,0.3,0.1,40260.0,0.28,892.0,452.0,440.0,0.16,0.39,0.17,58049.0,0.41,1031.0,524.0,507.0,0.4,0.67,0.41,5086.0,0.04,1016.0,519.0,497.0,0.36,0.62,0.37,11418.0,0.08,878.0,446.0,432.0,0.18,0.37,0.19,69716.0,0.49,964.0,492.0,471.0,0.27,0.54,0.28,71902.0,0.5,957.0,483.0,474.0,0.3,0.51,0.31,30544.0,0.21,1000.0,507.0,493.0,0.37,0.61,0.38,12880.0,0.09,834.0,421.0,413.0,0.1,0.27,0.11,31901.0,0.22,907.0,462.0,445.0,0.18,0.43,0.19,6368.0,0.04,956.0,487.0,468.0,0.24,0.54,0.26,28089.0,0.2,1049.0,532.0,516.0,0.43,0.7,0.44,19582.0,0.14,1133.0,573.0,560.0,0.59,0.79,0.6,43580.0,0.31,905.0,459.0,446.0,0.2,0.43,0.21,39347.0,0.28,931.0,472.0,459.0,0.25,0.45,0.26,72452.0,0.51,987.0,499.0,487.0,0.33,0.57,0.34,28534.0,0.2,935.0,478.0,457.0,0.22,0.5,0.24,2067.0,0.01,996.0,514.0,482.0,0.36,0.62,0.37,32088.0,0.23,1118.0,564.0,554.0,0.56,0.79,0.57,548.0,0.0,870.0,442.0,428.0,0.16,0.38,0.16,64.0,0.0,912.0,459.0,453.0,0.25,0.42,0.25
Indiana,82126,1.0,2329.0,0.03,1094.0,544.0,550.0,0.5,0.69,0.53,9100.0,0.11,836.0,429.0,407.0,0.08,0.29,0.09,13219.0,0.16,880.0,447.0,432.0,0.15,0.39,0.15,48337.0,0.59,993.0,508.0,485.0,0.32,0.62,0.33,3958.0,0.05,953.0,492.0,462.0,0.23,0.54,0.24,4644.0,0.06,857.0,441.0,416.0,0.14,0.36,0.14,40646.0,0.49,952.0,490.0,462.0,0.24,0.54,0.24,41199.0,0.5,946.0,480.0,466.0,0.27,0.51,0.28,8465.0,0.1,947.0,486.0,461.0,0.26,0.55,0.27,6607.0,0.08,818.0,415.0,402.0,0.07,0.25,0.08,22447.0,0.27,904.0,463.0,441.0,0.15,0.44,0.16,4633.0,0.06,962.0,494.0,469.0,0.24,0.57,0.26,19680.0,0.24,1034.0,528.0,507.0,0.39,0.71,0.41,9925.0,0.12,1091.0,556.0,535.0,0.51,0.76,0.52,18834.0,0.23,884.0,453.0,431.0,0.16,0.41,0.17,25303.0,0.31,931.0,477.0,454.0,0.23,0.48,0.24,24209.0,0.29,977.0,498.0,479.0,0.3,0.58,0.31,30482.0,0.37,942.0,481.0,461.0,0.23,0.52,0.24,2132.0,0.03,970.0,504.0,467.0,0.28,0.59,0.29,8080.0,0.1,1112.0,564.0,548.0,0.55,0.81,0.56,456.0,0.01,868.0,440.0,428.0,0.14,0.39,0.14,83.0,0.0,828.0,415.0,413.0,0.17,0.3,0.17
Iowa,972,0.02,183.0,0.19,1346.0,657.0,689.0,0.95,0.98,0.96,60.0,0.06,1085.0,555.0,530.0,0.45,0.83,0.47,97.0,0.1,1097.0,567.0,531.0,0.47,0.85,0.48,534.0,0.55,1195.0,615.0,581.0,0.69,0.9,0.69,56.0,0.06,1248.0,638.0,610.0,0.79,0.95,0.79,40.0,0.04,1224.0,622.0,602.0,0.68,0.9,0.7,489.0,0.5,1183.0,609.0,574.0,0.64,0.89,0.64,470.0,0.48,1239.0,621.0,617.0,0.77,0.92,0.78,38.0,0.04,1278.0,637.0,641.0,0.84,0.89,0.87,24.0,0.02,1090.0,538.0,552.0,0.58,0.79,0.63,93.0,0.1,1056.0,541.0,516.0,0.4,0.75,0.41,56.0,0.06,1091.0,556.0,535.0,0.52,0.75,0.52,281.0,0.29,1185.0,604.0,581.0,0.7,0.92,0.71,444.0,0.46,1282.0,652.0,630.0,0.8,0.97,0.8,74.0,0.08,1204.0,605.0,599.0,0.68,0.85,0.7,403.0,0.41,1256.0,638.0,618.0,0.78,0.95,0.79,231.0,0.24,1261.0,636.0,625.0,0.8,0.97,0.81,260.0,0.27,1111.0,567.0,544.0,0.52,0.78,0.53,78.0,0.08,1159.0,602.0,557.0,0.62,0.94,0.63,322.0,0.33,1279.0,647.0,633.0,0.83,0.97,0.83,0.0,0.0,0.0,0.0,0.0,0.0,0.0,0.0,0.0,0.0,0.0,0.0,0.0,0.0,0.0,0.0
Kansas,803,0.02,196.0,0.24,1299.0,637.0,662.0,0.81,0.88,0.87,46.0,0.06,1090.0,564.0,526.0,0.54,0.87,0.54,86.0,0.11,1163.0,600.0,562.0,0.62,0.88,0.63,381.0,0.47,1240.0,634.0,606.0,0.78,0.94,0.78,57.0,0.07,1264.0,639.0,625.0,0.86,0.96,0.86,30.0,0.04,1227.0,615.0,612.0,0.73,0.93,0.77,395.0,0.49,1212.0,619.0,592.0,0.71,0.9,0.73,397.0,0.49,1263.0,632.0,631.0,0.82,0.93,0.84,35.0,0.04,1258.0,632.0,627.0,0.77,0.89,0.83,14.0,0.02,1128.0,566.0,561.0,0.57,0.93,0.57,79.0,0.1,1142.0,573.0,569.0,0.62,0.78,0.67,32.0,0.04,1123.0,584.0,539.0,0.44,0.81,0.44,249.0,0.31,1223.0,616.0,607.0,0.76,0.92,0.78,374.0,0.47,1281.0,650.0,631.0,0.82,0.96,0.83,55.0,0.07,1242.0,626.0,616.0,0.84,0.93,0.85,444.0,0.55,1262.0,635.0,627.0,0.81,0.93,0.83,160.0,0.2,1268.0,645.0,623.0,0.84,0.98,0.84,143.0,0.18,1162.0,589.0,573.0,0.62,0.85,0.64,56.0,0.07,1152.0,596.0,556.0,0.55,0.88,0.55,385.0,0.48,1274.0,644.0,630.0,0.84,0.95,0.84,0.0,0.0,0.0,0.0,0.0,0.0,0.0,0.0,0.0,0.0,0.0,0.0,0.0,0.0,0.0,0.0
Kentucky,1182,0.02,143.0,0.12,1278.0,635.0,643.0,0.84,0.95,0.85,109.0,0.09,1023.0,525.0,499.0,0.35,0.64,0.38,123.0,0.1,1089.0,559.0,530.0,0.48,0.77,0.51,701.0,0.59,1199.0,620.0,578.0,0.7,0.94,0.71,66.0,0.06,1190.0,615.0,574.0,0.61,0.91,0.61,38.0,0.03,1231.0,637.0,594.0,0.79,0.97,0.79,578.0,0.49,1168.0,606.0,562.0,0.63,0.9,0.64,591.0,0.5,1191.0,606.0,585.0,0.69,0.88,0.7,48.0,0.04,1222.0,623.0,599.0,0.79,0.96,0.79,17.0,0.01,1002.0,503.0,499.0,0.29,0.59,0.35,152.0,0.13,1058.0,545.0,513.0,0.38,0.72,0.41,61.0,0.05,1123.0,584.0,539.0,0.51,0.89,0.51,344.0,0.29,1170.0,605.0,565.0,0.64,0.89,0.65,502.0,0.42,1240.0,636.0,604.0,0.79,0.95,0.8,106.0,0.09,1169.0,593.0,575.0,0.65,0.9,0.65,445.0,0.38,1239.0,634.0,604.0,0.77,0.95,0.78,150.0,0.13,1181.0,606.0,575.0,0.63,0.93,0.63,207.0,0.18,1176.0,606.0,569.0,0.67,0.93,0.68,380.0,0.32,1115.0,576.0,539.0,0.54,0.78,0.56,384.0,0.32,1251.0,638.0,613.0,0.81,0.96,0.82,0.0,0.0,0.0,0.0,0.0,0.0,0.0,0.0,0.0,0.0,0.0,0.0,0.0,0.0,0.0,0.0
Louisiana,1234,0.02,146.0,0.12,1308.0,647.0,661.0,0.86,0.92,0.88,212.0,0.17,1058.0,547.0,511.0,0.39,0.73,0.41,130.0,0.11,1175.0,607.0,568.0,0.65,0.92,0.65,629.0,0.51,1216.0,627.0,589.0,0.69,0.93,0.7,66.0,0.05,1225.0,625.0,600.0,0.76,0.92,0.79,46.0,0.04,1195.0,611.0,585.0,0.67,0.89,0.67,650.0,0.53,1166.0,604.0,562.0,0.61,0.88,0.62,562.0,0.46,1224.0,620.0,605.0,0.7,0.9,0.72,64.0,0.05,1233.0,627.0,606.0,0.67,0.88,0.67,0.0,0.0,0.0,0.0,0.0,0.0,0.0,0.0,0.0,0.0,0.0,0.0,0.0,0.0,0.0,0.0,70.0,0.06,1080.0,562.0,518.0,0.41,0.77,0.41,0.0,0.0,0.0,0.0,0.0,0.0,0.0,0.0,479.0,0.39,1272.0,650.0,622.0,0.82,0.96,0.82,100.0,0.08,1143.0,588.0,555.0,0.54,0.85,0.58,592.0,0.48,1232.0,632.0,601.0,0.74,0.94,0.74,173.0,0.14,1167.0,601.0,566.0,0.58,0.88,0.61,167.0,0.14,1138.0,583.0,554.0,0.61,0.83,0.62,81.0,0.07,1128.0,577.0,551.0,0.57,0.84,0.6,0.0,0.0,0.0,0.0,0.0,0.0,0.0,0.0,0.0,0.0,0.0,0.0,0.0,0.0,0.0,0.0,0.0,0.0,0.0,0.0,0.0,0.0,0.0,0.0
Maine,5420,0.39,191.0,0.04,1150.0,554.0,596.0,0.59,0.72,0.66,269.0,0.05,870.0,446.0,424.0,0.12,0.39,0.13,262.0,0.05,1016.0,526.0,490.0,0.34,0.63,0.35,4117.0,0.76,1094.0,568.0,526.0,0.46,0.83,0.47,235.0,0.04,1113.0,577.0,535.0,0.46,0.84,0.47,320.0,0.06,1034.0,528.0,506.0,0.4,0.7,0.41,2762.0,0.51,1061.0,555.0,506.0,0.38,0.79,0.39,2570.0,0.47,1093.0,558.0,535.0,0.49,0.79,0.51,844.0,0.16,1073.0,556.0,517.0,0.44,0.8,0.44,131.0,0.02,844.0,427.0,417.0,0.05,0.31,0.08,860.0,0.16,1007.0,522.0,484.0,0.29,0.69,0.3,286.0,0.05,1040.0,543.0,497.0,0.33,0.78,0.34,1878.0,0.35,1092.0,566.0,526.0,0.45,0.84,0.46,1393.0,0.26,1179.0,609.0,571.0,0.64,0.9,0.65,872.0,0.16,1006.0,517.0,488.0,0.33,0.66,0.34,1102.0,0.2,1028.0,533.0,495.0,0.35,0.68,0.36,1224.0,0.23,1121.0,578.0,543.0,0.52,0.87,0.53,2928.0,0.54,1076.0,557.0,519.0,0.43,0.79,0.44,166.0,0.03,1141.0,591.0,551.0,0.52,0.9,0.52,874.0,0.16,1153.0,596.0,557.0,0.58,0.91,0.58,23.0,0.0,1025.0,533.0,492.0,0.3,0.83,0.3,0.0,0.0,0.0,0.0,0.0,0.0,0.0,0.0
Maryland,53955,0.73,4488.0,0.08,1200.0,597.0,602.0,0.69,0.84,0.7,15920.0,0.3,910.0,471.0,439.0,0.17,0.47,0.18,10582.0,0.2,899.0,460.0,438.0,0.18,0.43,0.19,17167.0,0.32,1106.0,568.0,538.0,0.52,0.81,0.52,2747.0,0.05,1057.0,544.0,513.0,0.41,0.7,0.42,2872.0,0.05,929.0,476.0,454.0,0.25,0.45,0.26,27112.0,0.5,998.0,516.0,482.0,0.32,0.62,0.33,26416.0,0.49,1005.0,511.0,494.0,0.36,0.6,0.37,9451.0,0.18,961.0,495.0,467.0,0.26,0.56,0.27,3511.0,0.07,828.0,423.0,405.0,0.09,0.28,0.1,10067.0,0.19,920.0,475.0,445.0,0.18,0.48,0.19,1779.0,0.03,968.0,501.0,467.0,0.25,0.6,0.26,11888.0,0.22,1062.0,545.0,517.0,0.43,0.75,0.44,13055.0,0.24,1162.0,594.0,568.0,0.62,0.85,0.62,13655.0,0.25,909.0,466.0,443.0,0.2,0.44,0.21,11883.0,0.22,1020.0,520.0,501.0,0.39,0.6,0.4,30776.0,0.57,974.0,502.0,472.0,0.29,0.57,0.3,9818.0,0.18,1050.0,537.0,513.0,0.42,0.71,0.43,1478.0,0.03,1138.0,590.0,548.0,0.55,0.87,0.56,23881.0,0.44,1116.0,571.0,545.0,0.53,0.8,0.54,143.0,0.0,882.0,451.0,431.0,0.19,0.42,0.21,36.0,0.0,969.0,484.0,485.0,0.36,0.53,0.36
Massachusetts,43814,0.57,4932.0,0.11,1264.0,622.0,642.0,0.79,0.89,0.82,3666.0,0.08,974.0,497.0,477.0,0.27,0.58,0.29,8072.0,0.18,964.0,492.0,472.0,0.27,0.55,0.29,22738.0,0.52,1152.0,589.0,563.0,0.61,0.89,0.62,1960.0,0.04,1177.0,601.0,577.0,0.63,0.86,0.64,2353.0,0.05,1110.0,561.0,549.0,0.52,0.74,0.53,22280.0,0.51,1093.0,560.0,533.0,0.48,0.78,0.49,21065.0,0.48,1134.0,571.0,563.0,0.59,0.8,0.6,4750.0,0.11,1026.0,522.0,504.0,0.36,0.65,0.38,1907.0,0.04,929.0,469.0,461.0,0.24,0.46,0.26,6781.0,0.15,1008.0,515.0,493.0,0.33,0.66,0.34,1614.0,0.04,1048.0,537.0,511.0,0.4,0.75,0.41,11948.0,0.27,1127.0,574.0,553.0,0.56,0.85,0.58,14447.0,0.33,1228.0,623.0,605.0,0.74,0.92,0.74,7117.0,0.16,1024.0,519.0,505.0,0.39,0.63,0.4,8933.0,0.2,1028.0,521.0,507.0,0.39,0.61,0.41,28344.0,0.65,1133.0,576.0,557.0,0.57,0.83,0.58,4033.0,0.09,1135.0,581.0,554.0,0.57,0.85,0.58,2504.0,0.06,1171.0,594.0,577.0,0.61,0.85,0.62,23776.0,0.54,1197.0,607.0,589.0,0.68,0.91,0.69,78.0,0.0,981.0,495.0,486.0,0.28,0.64,0.36,15.0,0.0,1007.0,511.0,496.0,0.2,0.73,0.27
Michigan,106047,1.0,4293.0,0.04,1151.0,568.0,583.0,0.61,0.75,0.65,15362.0,0.14,812.0,419.0,393.0,0.06,0.26,0.07,11344.0,0.11,884.0,451.0,433.0,0.15,0.39,0.16,67581.0,0.64,985.0,503.0,482.0,0.31,0.6,0.32,4506.0,0.04,963.0,495.0,468.0,0.25,0.55,0.26,2138.0,0.02,947.0,484.0,463.0,0.26,0.49,0.28,52270.0,0.49,957.0,492.0,464.0,0.25,0.54,0.26,53472.0,0.5,948.0,480.0,468.0,0.28,0.5,0.29,24962.0,0.24,989.0,505.0,484.0,0.35,0.61,0.36,6686.0,0.06,800.0,406.0,394.0,0.05,0.21,0.06,23276.0,0.22,896.0,459.0,436.0,0.15,0.42,0.16,5082.0,0.05,954.0,489.0,465.0,0.23,0.54,0.24,21025.0,0.2,1034.0,528.0,507.0,0.39,0.69,0.4,13516.0,0.13,1110.0,563.0,546.0,0.54,0.77,0.55,36462.0,0.34,912.0,467.0,446.0,0.2,0.46,0.22,21462.0,0.2,931.0,475.0,455.0,0.24,0.47,0.25,47877.0,0.45,965.0,493.0,472.0,0.29,0.55,0.3,34932.0,0.33,948.0,484.0,464.0,0.24,0.52,0.26,1776.0,0.02,994.0,514.0,480.0,0.35,0.59,0.36,16036.0,0.15,1106.0,559.0,547.0,0.53,0.78,0.55,745.0,0.01,862.0,443.0,418.0,0.12,0.37,0.13,78.0,0.0,871.0,436.0,434.0,0.17,0.36,0.18
Minnesota,2149,0.03,413.0,0.19,1316.0,648.0,669.0,0.88,0.94,0.91,198.0,0.09,1078.0,556.0,522.0,0.47,0.78,0.49,306.0,0.14,1028.0,517.0,511.0,0.39,0.59,0.42,929.0,0.43,1249.0,638.0,611.0,0.78,0.95,0.79,137.0,0.06,1254.0,640.0,614.0,0.8,0.92,0.81,162.0,0.08,1189.0,601.0,588.0,0.69,0.8,0.69,1072.0,0.5,1186.0,608.0,578.0,0.66,0.87,0.67,1054.0,0.49,1232.0,616.0,617.0,0.76,0.87,0.78,253.0,0.12,1089.0,553.0,536.0,0.5,0.71,0.51,0.0,0.0,0.0,0.0,0.0,0.0,0.0,0.0,0.0,0.0,0.0,0.0,0.0,0.0,0.0,0.0,53.0,0.02,1148.0,592.0,555.0,0.57,0.94,0.57,0.0,0.0,0.0,0.0,0.0,0.0,0.0,0.0,925.0,0.43,1298.0,656.0,642.0,0.88,0.97,0.88,331.0,0.15,1078.0,542.0,535.0,0.47,0.67,0.49,820.0,0.38,1231.0,621.0,610.0,0.75,0.88,0.76,710.0,0.33,1161.0,586.0,575.0,0.62,0.8,0.64,298.0,0.14,1228.0,620.0,609.0,0.8,0.95,0.81,257.0,0.12,1045.0,525.0,521.0,0.45,0.61,0.46,0.0,0.0,0.0,0.0,0.0,0.0,0.0,0.0,0.0,0.0,0.0,0.0,0.0,0.0,0.0,0.0,0.0,0.0,0.0,0.0,0.0,0.0,0.0,0.0
Mississippi,426,0.01,46.0,0.11,1280.0,623.0,657.0,0.83,0.87,0.89,83.0,0.19,1086.0,564.0,522.0,0.48,0.86,0.48,34.0,0.08,1189.0,610.0,579.0,0.71,0.91,0.71,211.0,0.5,1262.0,645.0,617.0,0.83,0.97,0.84,27.0,0.06,1253.0,646.0,607.0,0.74,0.93,0.74,23.0,0.05,1247.0,640.0,608.0,0.74,0.96,0.74,248.0,0.58,1191.0,612.0,579.0,0.69,0.9,0.71,174.0,0.41,1266.0,640.0,626.0,0.82,0.96,0.82,13.0,0.03,1272.0,651.0,622.0,0.85,1.0,0.85,11.0,0.03,1202.0,607.0,595.0,0.64,0.91,0.64,70.0,0.16,1179.0,599.0,580.0,0.66,0.87,0.67,26.0,0.06,1113.0,581.0,532.0,0.38,0.81,0.42,134.0,0.31,1242.0,636.0,606.0,0.8,0.95,0.81,148.0,0.35,1253.0,638.0,615.0,0.8,0.97,0.81,37.0,0.09,1199.0,609.0,590.0,0.76,0.89,0.78,20.0,0.05,1231.0,622.0,609.0,0.85,0.9,0.85,141.0,0.33,1260.0,642.0,617.0,0.82,0.97,0.82,218.0,0.51,1203.0,614.0,589.0,0.71,0.91,0.72,47.0,0.11,1198.0,618.0,580.0,0.64,0.89,0.66,66.0,0.15,1287.0,647.0,640.0,0.83,0.94,0.86,0.0,0.0,0.0,0.0,0.0,0.0,0.0,0.0,0.0,0.0,0.0,0.0,0.0,0.0,0.0,0.0
Missouri,2411,0.04,332.0,0.14,1289.0,631.0,658.0,0.84,0.9,0.89,268.0,0.11,1040.0,537.0,502.0,0.35,0.73,0.36,247.0,0.1,1054.0,540.0,513.0,0.45,0.71,0.45,1245.0,0.52,1193.0,615.0,579.0,0.69,0.92,0.69,159.0,0.07,1204.0,621.0,583.0,0.69,0.92,0.69,154.0,0.06,1173.0,595.0,578.0,0.68,0.88,0.68,1235.0,0.51,1138.0,588.0,550.0,0.57,0.86,0.58,1144.0,0.47,1212.0,610.0,601.0,0.73,0.89,0.74,156.0,0.06,1197.0,607.0,590.0,0.73,0.9,0.74,80.0,0.03,948.0,483.0,465.0,0.21,0.49,0.24,310.0,0.13,1066.0,548.0,518.0,0.4,0.77,0.42,106.0,0.04,1057.0,550.0,508.0,0.35,0.75,0.36,705.0,0.29,1170.0,600.0,569.0,0.65,0.91,0.66,981.0,0.41,1245.0,633.0,613.0,0.79,0.93,0.79,229.0,0.09,1164.0,591.0,572.0,0.66,0.85,0.66,435.0,0.18,1143.0,585.0,558.0,0.62,0.8,0.63,1047.0,0.43,1220.0,618.0,603.0,0.74,0.91,0.75,308.0,0.13,1142.0,581.0,561.0,0.6,0.85,0.63,621.0,0.26,1135.0,589.0,546.0,0.52,0.87,0.53,1010.0,0.42,1244.0,631.0,613.0,0.78,0.94,0.79,0.0,0.0,0.0,0.0,0.0,0.0,0.0,0.0,0.0,0.0,0.0,0.0,0.0,0.0,0.0,0.0
Montana,485,0.05,22.0,0.05,1219.0,604.0,615.0,0.73,0.86,0.77,0.0,0.0,0.0,0.0,0.0,0.0,0.0,0.0,27.0,0.06,1136.0,593.0,543.0,0.59,0.74,0.63,370.0,0.76,1215.0,627.0,587.0,0.76,0.95,0.76,24.0,0.05,1155.0,600.0,555.0,0.54,0.92,0.54,32.0,0.07,1229.0,632.0,597.0,0.81,0.84,0.84,273.0,0.56,1169.0,611.0,558.0,0.64,0.92,0.64,207.0,0.43,1251.0,634.0,618.0,0.86,0.94,0.86,36.0,0.07,1190.0,609.0,581.0,0.72,0.89,0.75,0.0,0.0,0.0,0.0,0.0,0.0,0.0,0.0,55.0,0.11,1085.0,558.0,527.0,0.4,0.8,0.42,23.0,0.05,1160.0,609.0,550.0,0.61,0.91,0.61,148.0,0.31,1225.0,630.0,595.0,0.82,0.97,0.82,218.0,0.45,1241.0,642.0,599.0,0.81,0.97,0.81,39.0,0.08,1121.0,569.0,552.0,0.54,0.69,0.59,201.0,0.41,1255.0,647.0,608.0,0.82,0.97,0.83,0.0,0.0,0.0,0.0,0.0,0.0,0.0,0.0,219.0,0.45,1168.0,598.0,570.0,0.68,0.88,0.69,63.0,0.13,1176.0,622.0,554.0,0.65,0.95,0.65,68.0,0.14,1225.0,627.0,598.0,0.82,0.94,0.85,0.0,0.0,0.0,0.0,0.0,0.0,0.0,0.0,0.0,0.0,0.0,0.0,0.0,0.0,0.0,0.0
Nebraska,357,0.01,74.0,0.21,1320.0,646.0,674.0,0.86,0.93,0.91,18.0,0.05,1154.0,588.0,566.0,0.5,0.89,0.5,26.0,0.07,1183.0,603.0,579.0,0.69,0.92,0.73,196.0,0.55,1246.0,635.0,611.0,0.79,0.94,0.81,19.0,0.05,1213.0,619.0,593.0,0.74,0.84,0.74,24.0,0.07,1220.0,607.0,614.0,0.75,0.83,0.79,181.0,0.51,1223.0,626.0,597.0,0.71,0.92,0.73,169.0,0.47,1275.0,632.0,643.0,0.86,0.93,0.88,17.0,0.05,1122.0,578.0,545.0,0.71,0.88,0.71,14.0,0.04,1136.0,556.0,580.0,0.64,0.79,0.71,35.0,0.1,1158.0,594.0,564.0,0.63,0.86,0.66,16.0,0.04,1171.0,601.0,570.0,0.56,0.94,0.63,117.0,0.33,1223.0,616.0,608.0,0.74,0.9,0.77,151.0,0.42,1315.0,661.0,654.0,0.89,0.97,0.9,24.0,0.07,1200.0,615.0,585.0,0.71,0.92,0.71,224.0,0.63,1269.0,641.0,628.0,0.8,0.95,0.81,46.0,0.13,1236.0,620.0,616.0,0.78,0.91,0.78,56.0,0.16,1207.0,602.0,605.0,0.77,0.88,0.84,31.0,0.09,1198.0,616.0,583.0,0.61,0.87,0.68,163.0,0.46,1295.0,651.0,643.0,0.85,0.97,0.85,0.0,0.0,0.0,0.0,0.0,0.0,0.0,0.0,0.0,0.0,0.0,0.0,0.0,0.0,0.0,0.0
Nevada,2378,0.07,474.0,0.2,1259.0,630.0,628.0,0.81,0.95,0.82,147.0,0.06,1088.0,563.0,525.0,0.44,0.84,0.44,541.0,0.23,1103.0,568.0,535.0,0.51,0.82,0.51,883.0,0.37,1186.0,607.0,579.0,0.69,0.93,0.69,239.0,0.1,1192.0,614.0,578.0,0.65,0.93,0.65,78.0,0.03,1235.0,629.0,606.0,0.69,0.9,0.71,1177.0,0.49,1164.0,600.0,564.0,0.61,0.9,0.62,1182.0,0.5,1187.0,600.0,586.0,0.68,0.9,0.69,121.0,0.05,1216.0,617.0,599.0,0.73,0.94,0.74,101.0,0.04,1086.0,546.0,540.0,0.48,0.74,0.5,449.0,0.19,1121.0,573.0,549.0,0.52,0.82,0.53,95.0,0.04,1135.0,585.0,551.0,0.56,0.93,0.57,747.0,0.31,1172.0,601.0,571.0,0.65,0.91,0.66,691.0,0.29,1245.0,634.0,611.0,0.79,0.96,0.79,295.0,0.12,1154.0,588.0,566.0,0.6,0.88,0.6,1127.0,0.47,1200.0,611.0,590.0,0.69,0.91,0.7,727.0,0.31,1148.0,587.0,560.0,0.6,0.89,0.61,263.0,0.11,1195.0,614.0,581.0,0.71,0.95,0.71,261.0,0.11,1135.0,584.0,551.0,0.54,0.81,0.54,665.0,0.28,1222.0,621.0,601.0,0.76,0.94,0.77,0.0,0.0,0.0,0.0,0.0,0.0,0.0,0.0,12.0,0.01,1003.0,508.0,495.0,0.42,0.5,0.42
New,12514,0.76,528.0,0.04,1207.0,595.0,611.0,0.67,0.81,0.7,266.0,0.02,985.0,507.0,478.0,0.29,0.57,0.3,967.0,0.08,967.0,497.0,469.0,0.23,0.56,0.24,8038.0,0.64,1030.0,531.0,500.0,0.36,0.7,0.37,430.0,0.03,1066.0,548.0,518.0,0.43,0.71,0.43,2213.0,0.18,946.0,486.0,460.0,0.22,0.53,0.22,6094.0,0.49,1014.0,525.0,489.0,0.31,0.67,0.32,6343.0,0.51,1019.0,519.0,500.0,0.36,0.64,0.37,3242.0,0.26,1000.0,515.0,485.0,0.32,0.66,0.32,377.0,0.03,855.0,434.0,421.0,0.09,0.31,0.1,1844.0,0.15,953.0,493.0,460.0,0.2,0.57,0.21,414.0,0.03,1008.0,520.0,487.0,0.31,0.7,0.32,2925.0,0.23,1074.0,551.0,523.0,0.44,0.78,0.45,2218.0,0.18,1174.0,599.0,576.0,0.63,0.88,0.64,4736.0,0.38,948.0,488.0,460.0,0.22,0.54,0.23,1542.0,0.12,983.0,506.0,477.0,0.28,0.59,0.29,4361.0,0.35,1029.0,528.0,501.0,0.35,0.67,0.36,6234.0,0.5,1014.0,521.0,493.0,0.33,0.66,0.34,377.0,0.03,1083.0,557.0,526.0,0.47,0.77,0.49,4389.0,0.35,1097.0,561.0,536.0,0.48,0.79,0.49,66.0,0.01,883.0,455.0,429.0,0.15,0.41,0.17,0.0,0.0,0.0,0.0,0.0,0.0,0.0,0.0
New,73197,0.66,10010.0,0.14,1269.0,627.0,642.0,0.8,0.91,0.82,8127.0,0.11,928.0,478.0,450.0,0.21,0.5,0.22,22881.0,0.31,936.0,477.0,459.0,0.25,0.5,0.26,26209.0,0.36,1128.0,574.0,553.0,0.57,0.85,0.58,2539.0,0.03,1130.0,577.0,553.0,0.55,0.82,0.55,3302.0,0.05,1053.0,532.0,521.0,0.46,0.65,0.47,37592.0,0.51,1049.0,536.0,513.0,0.42,0.7,0.43,35253.0,0.48,1072.0,540.0,533.0,0.49,0.7,0.51,6169.0,0.08,1010.0,511.0,499.0,0.37,0.61,0.39,5128.0,0.07,869.0,438.0,431.0,0.17,0.35,0.18,14237.0,0.19,965.0,493.0,472.0,0.28,0.57,0.29,2777.0,0.04,1018.0,523.0,495.0,0.36,0.71,0.37,18826.0,0.26,1119.0,568.0,551.0,0.55,0.83,0.56,18077.0,0.25,1195.0,603.0,592.0,0.68,0.88,0.69,14152.0,0.19,989.0,501.0,487.0,0.34,0.58,0.36,8136.0,0.11,891.0,451.0,439.0,0.2,0.39,0.22,54600.0,0.75,1080.0,548.0,532.0,0.48,0.74,0.5,7231.0,0.1,1115.0,566.0,549.0,0.53,0.8,0.54,3230.0,0.04,1053.0,539.0,514.0,0.44,0.71,0.45,34953.0,0.48,1180.0,596.0,584.0,0.66,0.89,0.67,96.0,0.0,877.0,437.0,439.0,0.18,0.35,0.18,33.0,0.0,968.0,495.0,474.0,0.33,0.55,0.33
New,23439,1.0,410.0,0.02,1077.0,537.0,540.0,0.47,0.68,0.5,421.0,0.02,860.0,448.0,412.0,0.11,0.38,0.12,14396.0,0.61,847.0,437.0,410.0,0.08,0.32,0.09,4741.0,0.2,968.0,502.0,466.0,0.25,0.58,0.26,415.0,0.02,1005.0,523.0,482.0,0.3,0.65,0.31,413.0,0.02,901.0,459.0,442.0,0.2,0.38,0.21,11500.0,0.49,874.0,453.0,421.0,0.1,0.37,0.11,11832.0,0.5,873.0,448.0,426.0,0.14,0.36,0.15,3228.0,0.14,869.0,446.0,423.0,0.13,0.38,0.13,2790.0,0.12,789.0,404.0,385.0,0.03,0.18,0.04,6982.0,0.3,847.0,438.0,410.0,0.07,0.31,0.07,1382.0,0.06,896.0,462.0,434.0,0.12,0.42,0.12,3860.0,0.16,953.0,493.0,460.0,0.21,0.56,0.22,2701.0,0.12,1023.0,528.0,495.0,0.36,0.65,0.37,5724.0,0.24,822.0,423.0,399.0,0.07,0.26,0.08,8533.0,0.36,901.0,465.0,436.0,0.16,0.43,0.17,2371.0,0.1,869.0,448.0,421.0,0.12,0.35,0.12,12236.0,0.52,853.0,439.0,413.0,0.09,0.33,0.1,299.0,0.01,1085.0,551.0,534.0,0.49,0.77,0.53,1077.0,0.05,1082.0,556.0,526.0,0.46,0.75,0.47,2617.0,0.11,806.0,410.0,396.0,0.03,0.19,0.04,26.0,0.0,867.0,448.0,419.0,0.12,0.38,0.12
New,127054,0.62,18350.0,0.14,1174.0,575.0,599.0,0.66,0.79,0.71,17419.0,0.14,923.0,473.0,450.0,0.2,0.47,0.21,37148.0,0.29,942.0,478.0,463.0,0.25,0.5,0.26,40147.0,0.32,1144.0,578.0,566.0,0.63,0.86,0.65,4122.0,0.03,1137.0,577.0,560.0,0.58,0.8,0.59,9478.0,0.07,979.0,493.0,486.0,0.33,0.52,0.35,64676.0,0.51,1038.0,527.0,511.0,0.41,0.66,0.43,61484.0,0.48,1052.0,526.0,525.0,0.46,0.65,0.49,21015.0,0.17,967.0,488.0,479.0,0.29,0.52,0.31,10229.0,0.08,939.0,469.0,470.0,0.26,0.45,0.29,23141.0,0.18,994.0,503.0,491.0,0.33,0.59,0.35,5365.0,0.04,1039.0,528.0,511.0,0.42,0.7,0.43,25332.0,0.2,1111.0,561.0,550.0,0.56,0.8,0.58,27077.0,0.21,1180.0,595.0,585.0,0.68,0.87,0.69,35910.0,0.28,963.0,484.0,478.0,0.3,0.51,0.32,69199.0,0.54,977.0,493.0,484.0,0.31,0.52,0.33,39483.0,0.31,1127.0,567.0,560.0,0.6,0.82,0.62,11339.0,0.09,1119.0,566.0,553.0,0.6,0.85,0.62,7033.0,0.06,1140.0,579.0,561.0,0.57,0.8,0.58,38506.0,0.3,1169.0,588.0,581.0,0.66,0.86,0.68,277.0,0.0,904.0,449.0,454.0,0.2,0.42,0.23,113.0,0.0,923.0,464.0,459.0,0.2,0.42,0.21
North,26598,0.22,3041.0,0.11,1294.0,636.0,658.0,0.87,0.94,0.89,3228.0,0.12,1035.0,529.0,506.0,0.38,0.71,0.39,2804.0,0.11,1119.0,569.0,550.0,0.56,0.85,0.58,15337.0,0.58,1174.0,597.0,577.0,0.7,0.92,0.71,1275.0,0.05,1177.0,600.0,577.0,0.67,0.92,0.68,825.0,0.03,1184.0,602.0,582.0,0.66,0.85,0.67,14068.0,0.53,1148.0,587.0,561.0,0.62,0.89,0.63,12361.0,0.46,1183.0,593.0,590.0,0.71,0.89,0.72,906.0,0.03,1168.0,591.0,577.0,0.65,0.85,0.67,0.0,0.0,0.0,0.0,0.0,0.0,0.0,0.0,0.0,0.0,0.0,0.0,0.0,0.0,0.0,0.0,1206.0,0.05,1079.0,551.0,527.0,0.48,0.8,0.5,0.0,0.0,0.0,0.0,0.0,0.0,0.0,0.0,10126.0,0.38,1218.0,616.0,601.0,0.76,0.93,0.77,2149.0,0.08,1140.0,577.0,563.0,0.6,0.83,0.62,11703.0,0.44,1193.0,603.0,590.0,0.71,0.91,0.72,6623.0,0.25,1158.0,585.0,573.0,0.67,0.89,0.69,5788.0,0.22,1120.0,569.0,551.0,0.58,0.86,0.6,1440.0,0.05,1099.0,558.0,541.0,0.52,0.8,0.54,0.0,0.0,0.0,0.0,0.0,0.0,0.0,0.0,75.0,0.0,1065.0,550.0,515.0,0.47,0.79,0.47,13.0,0.0,1108.0,565.0,543.0,0.38,0.85,0.38
North,80,0.01,10.0,0.13,1342.0,668.0,674.0,0.9,1.0,0.9,12.0,0.15,1220.0,617.0,603.0,0.67,0.92,0.67,0.0,0.0,0.0,0.0,0.0,0.0,0.0,0.0,44.0,0.55,1269.0,637.0,632.0,0.77,0.89,0.82,0.0,0.0,0.0,0.0,0.0,0.0,0.0,0.0,0.0,0.0,0.0,0.0,0.0,0.0,0.0,0.0,35.0,0.44,1229.0,618.0,611.0,0.71,0.91,0.77,45.0,0.56,1273.0,640.0,633.0,0.76,0.91,0.76,0.0,0.0,0.0,0.0,0.0,0.0,0.0,0.0,0.0,0.0,0.0,0.0,0.0,0.0,0.0,0.0,13.0,0.16,1212.0,587.0,625.0,0.69,0.85,0.77,0.0,0.0,0.0,0.0,0.0,0.0,0.0,0.0,21.0,0.26,1233.0,628.0,606.0,0.76,0.95,0.76,34.0,0.43,1329.0,667.0,662.0,0.85,0.91,0.88,0.0,0.0,0.0,0.0,0.0,0.0,0.0,0.0,44.0,0.55,1297.0,650.0,647.0,0.82,0.95,0.82,13.0,0.16,1215.0,606.0,608.0,0.69,0.85,0.77,17.0,0.21,1156.0,581.0,576.0,0.53,0.82,0.59,0.0,0.0,0.0,0.0,0.0,0.0,0.0,0.0,19.0,0.24,1264.0,627.0,637.0,0.68,0.89,0.74,0.0,0.0,0.0,0.0,0.0,0.0,0.0,0.0,0.0,0.0,0.0,0.0,0.0,0.0,0.0,0.0
Ohio,28070,0.2,1801.0,0.06,1224.0,600.0,624.0,0.74,0.83,0.78,5741.0,0.2,846.0,432.0,414.0,0.11,0.32,0.12,2999.0,0.11,915.0,463.0,452.0,0.21,0.43,0.23,14730.0,0.52,1085.0,549.0,536.0,0.51,0.75,0.53,1608.0,0.06,1019.0,520.0,499.0,0.37,0.63,0.38,1090.0,0.04,961.0,484.0,476.0,0.31,0.49,0.32,13773.0,0.49,1010.0,515.0,495.0,0.37,0.61,0.38,14155.0,0.5,1023.0,514.0,510.0,0.42,0.61,0.44,3454.0,0.12,985.0,499.0,486.0,0.34,0.57,0.36,0.0,0.0,0.0,0.0,0.0,0.0,0.0,0.0,0.0,0.0,0.0,0.0,0.0,0.0,0.0,0.0,1128.0,0.04,977.0,497.0,480.0,0.29,0.57,0.31,0.0,0.0,0.0,0.0,0.0,0.0,0.0,0.0,5834.0,0.21,1189.0,600.0,588.0,0.7,0.86,0.71,6881.0,0.25,923.0,467.0,456.0,0.24,0.45,0.25,7494.0,0.27,874.0,447.0,427.0,0.17,0.37,0.18,15730.0,0.56,1070.0,539.0,531.0,0.48,0.7,0.5,3344.0,0.12,1059.0,533.0,526.0,0.47,0.7,0.49,6251.0,0.22,870.0,442.0,428.0,0.15,0.35,0.16,0.0,0.0,0.0,0.0,0.0,0.0,0.0,0.0,86.0,0.0,917.0,461.0,456.0,0.27,0.5,0.27,15.0,0.0,877.0,441.0,437.0,0.27,0.4,0.27
Oklahoma,1257,0.02,164.0,0.13,1261.0,627.0,635.0,0.82,0.93,0.85,76.0,0.06,986.0,514.0,471.0,0.21,0.68,0.21,219.0,0.17,1056.0,542.0,513.0,0.42,0.73,0.43,568.0,0.45,1179.0,608.0,571.0,0.64,0.9,0.65,134.0,0.11,1187.0,616.0,571.0,0.64,0.93,0.65,49.0,0.04,1117.0,579.0,538.0,0.51,0.84,0.53,650.0,0.52,1122.0,582.0,540.0,0.52,0.86,0.53,596.0,0.47,1179.0,598.0,581.0,0.65,0.86,0.66,65.0,0.05,1138.0,585.0,553.0,0.58,0.82,0.6,70.0,0.06,1023.0,521.0,502.0,0.4,0.69,0.4,175.0,0.14,1032.0,533.0,499.0,0.37,0.7,0.39,61.0,0.05,1116.0,574.0,541.0,0.49,0.87,0.49,372.0,0.3,1149.0,590.0,559.0,0.58,0.89,0.59,448.0,0.36,1241.0,636.0,605.0,0.76,0.94,0.77,131.0,0.1,1085.0,556.0,530.0,0.46,0.79,0.49,521.0,0.41,1121.0,573.0,548.0,0.54,0.81,0.55,378.0,0.3,1164.0,597.0,567.0,0.63,0.87,0.63,175.0,0.14,1147.0,589.0,557.0,0.54,0.89,0.58,183.0,0.15,1208.0,626.0,583.0,0.68,0.95,0.68,374.0,0.3,1218.0,622.0,596.0,0.73,0.93,0.74,47.0,0.04,1059.0,539.0,521.0,0.4,0.79,0.4,0.0,0.0,0.0,0.0,0.0,0.0,0.0,0.0
Oregon,10192,0.24,1060.0,0.1,1223.0,606.0,617.0,0.72,0.87,0.75,304.0,0.03,938.0,486.0,452.0,0.21,0.51,0.22,1554.0,0.15,1010.0,521.0,489.0,0.32,0.66,0.33,5977.0,0.59,1148.0,596.0,552.0,0.58,0.9,0.59,812.0,0.08,1147.0,593.0,554.0,0.58,0.88,0.58,401.0,0.04,1151.0,590.0,561.0,0.59,0.84,0.6,5136.0,0.5,1102.0,574.0,528.0,0.48,0.83,0.49,4873.0,0.48,1151.0,587.0,564.0,0.61,0.85,0.62,1036.0,0.1,1076.0,559.0,517.0,0.42,0.79,0.43,403.0,0.04,933.0,477.0,456.0,0.2,0.52,0.21,1469.0,0.14,1015.0,526.0,489.0,0.3,0.69,0.31,393.0,0.04,1078.0,559.0,518.0,0.42,0.8,0.42,3133.0,0.31,1137.0,588.0,549.0,0.56,0.9,0.57,3318.0,0.33,1229.0,631.0,597.0,0.75,0.95,0.76,1476.0,0.14,1056.0,544.0,512.0,0.42,0.73,0.43,5517.0,0.54,1122.0,580.0,541.0,0.53,0.83,0.54,1700.0,0.17,1194.0,608.0,586.0,0.69,0.9,0.7,2368.0,0.23,1078.0,556.0,522.0,0.45,0.8,0.46,607.0,0.06,1180.0,613.0,567.0,0.61,0.91,0.62,3515.0,0.34,1214.0,623.0,591.0,0.71,0.94,0.71,46.0,0.0,994.0,512.0,482.0,0.39,0.72,0.39,38.0,0.0,931.0,483.0,448.0,0.16,0.45,0.18
Pennsylvania,63879,0.47,5203.0,0.08,1220.0,603.0,617.0,0.72,0.85,0.75,7226.0,0.11,897.0,466.0,432.0,0.15,0.45,0.16,6873.0,0.11,966.0,498.0,468.0,0.27,0.58,0.28,39157.0,0.61,1121.0,575.0,547.0,0.56,0.87,0.57,2623.0,0.04,1101.0,566.0,535.0,0.5,0.81,0.5,2668.0,0.04,1065.0,545.0,520.0,0.47,0.72,0.48,33739.0,0.53,1065.0,550.0,515.0,0.43,0.77,0.44,29734.0,0.47,1104.0,559.0,544.0,0.54,0.79,0.56,4097.0,0.06,1045.0,534.0,510.0,0.44,0.69,0.45,2370.0,0.04,912.0,462.0,450.0,0.22,0.44,0.24,11462.0,0.18,996.0,514.0,482.0,0.3,0.66,0.31,3240.0,0.05,1037.0,534.0,503.0,0.37,0.75,0.38,19965.0,0.31,1109.0,568.0,541.0,0.54,0.85,0.55,18257.0,0.29,1177.0,600.0,578.0,0.66,0.9,0.67,8585.0,0.13,1008.0,515.0,493.0,0.36,0.63,0.38,13638.0,0.21,940.0,484.0,456.0,0.25,0.51,0.25,32911.0,0.52,1133.0,578.0,555.0,0.57,0.86,0.58,13927.0,0.22,1096.0,562.0,534.0,0.5,0.84,0.51,3403.0,0.05,1131.0,584.0,547.0,0.55,0.84,0.56,20684.0,0.32,1180.0,599.0,580.0,0.67,0.91,0.67,102.0,0.0,998.0,513.0,485.0,0.27,0.7,0.29,27.0,0.0,1007.0,521.0,486.0,0.3,0.7,0.3
Puerto,0,0.0,0.0,0.0,0.0,0.0,0.0,0.0,0.0,0.0,0.0,0.0,0.0,0.0,0.0,0.0,0.0,0.0,0.0,0.0,0.0,0.0,0.0,0.0,0.0,0.0,0.0,0.0,0.0,0.0,0.0,0.0,0.0,0.0,0.0,0.0,0.0,0.0,0.0,0.0,0.0,0.0,0.0,0.0,0.0,0.0,0.0,0.0,0.0,0.0,0.0,0.0,0.0,0.0,0.0,0.0,0.0,0.0,0.0,0.0,0.0,0.0,0.0,0.0,0.0,0.0,0.0,0.0,0.0,0.0,0.0,0.0,0.0,0.0,0.0,0.0,0.0,0.0,0.0,0.0,0.0,0.0,0.0,0.0,0.0,0.0,0.0,0.0,0.0,0.0,0.0,0.0,0.0,0.0,0.0,0.0,0.0,0.0,0.0,0.0,0.0,0.0,0.0,0.0,0.0,0.0,0.0,0.0,0.0,0.0,0.0,0.0,0.0,0.0,0.0,0.0,0.0,0.0,0.0,0.0,0.0,0.0,48.0,0.01,907.0,486.0,421.0,0.08,0.56,0.08,129.0,0.04,915.0,483.0,432.0,0.12,0.48,0.12,66.0,0.02,1042.0,539.0,503.0,0.39,0.71,0.39,3034.0,0.93,1017.0,533.0,484.0,0.29,0.72,0.29,16.0,0.0,1146.0,608.0,538.0,0.63,1.0,0.63,0.0,0.0,0.0,0.0,0.0,0.0,0.0,0.0,0.0,0.0,0.0,0.0,0.0,0.0,0.0,0.0
Rhode,11429,0.99,407.0,0.04,1077.0,540.0,537.0,0.47,0.67,0.49,1094.0,0.1,831.0,428.0,403.0,0.08,0.31,0.09,1820.0,0.16,876.0,451.0,425.0,0.16,0.43,0.17,5759.0,0.5,1001.0,516.0,485.0,0.33,0.64,0.33,496.0,0.04,1010.0,520.0,490.0,0.36,0.62,0.37,1769.0,0.15,800.0,409.0,391.0,0.07,0.24,0.07,5510.0,0.48,941.0,487.0,454.0,0.23,0.53,0.24,5827.0,0.51,927.0,473.0,454.0,0.25,0.49,0.26,1042.0,0.09,859.0,442.0,417.0,0.16,0.4,0.16,1217.0,0.11,782.0,397.0,385.0,0.06,0.2,0.06,3171.0,0.28,888.0,458.0,429.0,0.14,0.43,0.15,541.0,0.05,948.0,489.0,459.0,0.21,0.55,0.23,2738.0,0.24,1027.0,528.0,499.0,0.36,0.7,0.37,1795.0,0.16,1097.0,562.0,535.0,0.51,0.77,0.51,1967.0,0.17,828.0,425.0,403.0,0.11,0.32,0.11,3229.0,0.28,876.0,452.0,424.0,0.17,0.4,0.18,6888.0,0.6,950.0,487.0,463.0,0.25,0.53,0.26,936.0,0.08,975.0,504.0,472.0,0.27,0.62,0.28,376.0,0.03,1060.0,544.0,516.0,0.49,0.75,0.49,2437.0,0.21,1097.0,562.0,535.0,0.5,0.78,0.51,74.0,0.01,750.0,381.0,369.0,0.04,0.16,0.04,10.0,0.0,798.0,417.0,381.0,0.2,0.4,0.2
South,30772,0.53,1000.0,0.03,1159.0,577.0,582.0,0.63,0.81,0.65,6367.0,0.21,900.0,463.0,437.0,0.12,0.43,0.13,3831.0,0.12,974.0,499.0,474.0,0.25,0.58,0.26,16887.0,0.55,1065.0,550.0,515.0,0.42,0.78,0.43,1485.0,0.05,1030.0,532.0,497.0,0.34,0.72,0.35,1080.0,0.04,974.0,502.0,472.0,0.27,0.57,0.28,16480.0,0.54,1006.0,522.0,484.0,0.3,0.67,0.3,14200.0,0.46,1029.0,525.0,504.0,0.38,0.67,0.39,2164.0,0.07,999.0,514.0,485.0,0.32,0.64,0.33,1508.0,0.05,898.0,457.0,441.0,0.14,0.4,0.15,6741.0,0.22,958.0,494.0,464.0,0.21,0.56,0.22,2168.0,0.07,985.0,509.0,476.0,0.25,0.64,0.26,9482.0,0.31,1055.0,544.0,511.0,0.4,0.76,0.42,6375.0,0.21,1112.0,572.0,540.0,0.53,0.83,0.54,4498.0,0.15,946.0,486.0,459.0,0.2,0.53,0.21,6293.0,0.2,1035.0,531.0,503.0,0.38,0.69,0.39,13011.0,0.42,1025.0,528.0,498.0,0.35,0.69,0.36,9912.0,0.32,986.0,508.0,478.0,0.27,0.62,0.28,1556.0,0.05,1073.0,561.0,511.0,0.41,0.79,0.41,4477.0,0.15,1114.0,571.0,542.0,0.55,0.84,0.55,99.0,0.0,936.0,478.0,458.0,0.19,0.51,0.19,23.0,0.0,950.0,483.0,467.0,0.17,0.48,0.22
South,161,0.02,12.0,0.07,1263.0,613.0,650.0,0.83,0.83,0.92,0.0,0.0,0.0,0.0,0.0,0.0,0.0,0.0,11.0,0.07,1162.0,586.0,575.0,0.64,0.91,0.64,110.0,0.68,1221.0,625.0,596.0,0.76,0.95,0.77,13.0,0.08,1152.0,582.0,570.0,0.77,0.92,0.77,0.0,0.0,0.0,0.0,0.0,0.0,0.0,0.0,97.0,0.6,1198.0,614.0,584.0,0.71,0.93,0.73,64.0,0.4,1238.0,627.0,612.0,0.83,0.95,0.83,0.0,0.0,0.0,0.0,0.0,0.0,0.0,0.0,0.0,0.0,0.0,0.0,0.0,0.0,0.0,0.0,22.0,0.14,1129.0,585.0,545.0,0.59,0.95,0.59,0.0,0.0,0.0,0.0,0.0,0.0,0.0,0.0,64.0,0.4,1220.0,625.0,594.0,0.8,0.94,0.81,48.0,0.3,1277.0,644.0,633.0,0.88,1.0,0.88,15.0,0.09,1261.0,647.0,614.0,0.8,0.87,0.87,80.0,0.5,1232.0,624.0,608.0,0.84,0.96,0.84,0.0,0.0,0.0,0.0,0.0,0.0,0.0,0.0,66.0,0.41,1192.0,611.0,581.0,0.68,0.89,0.71,13.0,0.08,1181.0,618.0,563.0,0.62,1.0,0.62,38.0,0.24,1239.0,625.0,614.0,0.87,0.97,0.87,0.0,0.0,0.0,0.0,0.0,0.0,0.0,0.0,0.0,0.0,0.0,0.0,0.0,0.0,0.0,0.0
Tennessee,3100,0.04,358.0,0.12,1307.0,642.0,664.0,0.86,0.93,0.89,250.0,0.08,1107.0,573.0,534.0,0.48,0.83,0.48,272.0,0.09,1139.0,587.0,552.0,0.58,0.85,0.58,1841.0,0.59,1192.0,613.0,579.0,0.71,0.92,0.71,152.0,0.05,1216.0,626.0,590.0,0.72,0.91,0.72,215.0,0.07,1114.0,567.0,547.0,0.58,0.75,0.6,1550.0,0.5,1172.0,605.0,567.0,0.66,0.91,0.66,1532.0,0.49,1205.0,611.0,594.0,0.72,0.89,0.73,232.0,0.07,1124.0,576.0,548.0,0.61,0.77,0.61,48.0,0.02,1017.0,502.0,516.0,0.44,0.54,0.46,258.0,0.08,1089.0,558.0,531.0,0.49,0.78,0.52,104.0,0.03,1111.0,575.0,536.0,0.57,0.87,0.58,985.0,0.32,1192.0,612.0,581.0,0.7,0.94,0.71,1310.0,0.42,1253.0,640.0,613.0,0.79,0.96,0.8,395.0,0.13,1074.0,549.0,525.0,0.5,0.73,0.5,1142.0,0.37,1209.0,617.0,592.0,0.72,0.91,0.72,684.0,0.22,1220.0,618.0,602.0,0.75,0.9,0.76,488.0,0.16,1122.0,577.0,546.0,0.59,0.83,0.6,786.0,0.25,1175.0,606.0,568.0,0.65,0.92,0.66,1334.0,0.43,1256.0,640.0,615.0,0.81,0.96,0.81,0.0,0.0,0.0,0.0,0.0,0.0,0.0,0.0,0.0,0.0,0.0,0.0,0.0,0.0,0.0,0.0
Texas,301020,0.74,20593.0,0.07,1202.0,595.0,607.0,0.71,0.84,0.74,36094.0,0.12,887.0,453.0,434.0,0.15,0.4,0.16,148519.0,0.49,904.0,459.0,445.0,0.18,0.43,0.19,75319.0,0.25,1054.0,539.0,516.0,0.44,0.73,0.45,9771.0,0.03,1033.0,528.0,505.0,0.39,0.68,0.4,9257.0,0.03,908.0,460.0,447.0,0.22,0.42,0.23,151812.0,0.5,963.0,493.0,470.0,0.26,0.55,0.27,148231.0,0.49,965.0,486.0,478.0,0.31,0.53,0.32,35910.0,0.12,945.0,480.0,465.0,0.26,0.52,0.27,31035.0,0.1,852.0,429.0,423.0,0.11,0.31,0.13,74872.0,0.25,915.0,466.0,449.0,0.18,0.46,0.19,15163.0,0.05,957.0,489.0,468.0,0.23,0.55,0.25,67448.0,0.22,1050.0,535.0,515.0,0.43,0.72,0.44,45063.0,0.15,1115.0,566.0,549.0,0.55,0.78,0.56,67439.0,0.22,887.0,449.0,438.0,0.17,0.39,0.18,127836.0,0.42,942.0,479.0,463.0,0.25,0.49,0.26,107323.0,0.36,992.0,502.0,490.0,0.34,0.58,0.35,58025.0,0.19,945.0,482.0,463.0,0.23,0.53,0.25,7836.0,0.03,1092.0,562.0,531.0,0.48,0.78,0.49,68195.0,0.23,1123.0,569.0,554.0,0.57,0.81,0.58,1077.0,0.0,902.0,457.0,445.0,0.2,0.43,0.22,390.0,0.0,922.0,467.0,455.0,0.22,0.47,0.23
Us,0,0.0,0.0,0.0,0.0,0.0,0.0,0.0,0.0,0.0,0.0,0.0,0.0,0.0,0.0,0.0,0.0,0.0,0.0,0.0,0.0,0.0,0.0,0.0,0.0,0.0,0.0,0.0,0.0,0.0,0.0,0.0,0.0,0.0,0.0,0.0,0.0,0.0,0.0,0.0,0.0,0.0,0.0,0.0,0.0,0.0,0.0,0.0,0.0,0.0,0.0,0.0,0.0,0.0,0.0,0.0,0.0,0.0,0.0,0.0,0.0,0.0,0.0,0.0,0.0,0.0,0.0,0.0,0.0,0.0,0.0,0.0,0.0,0.0,0.0,0.0,0.0,0.0,0.0,0.0,0.0,0.0,0.0,0.0,0.0,0.0,0.0,0.0,0.0,0.0,0.0,0.0,0.0,0.0,0.0,0.0,0.0,0.0,0.0,0.0,0.0,0.0,0.0,0.0,0.0,0.0,0.0,0.0,0.0,0.0,0.0,0.0,0.0,0.0,0.0,0.0,0.0,0.0,0.0,0.0,0.0,0.0,0.0,0.0,0.0,0.0,0.0,0.0,0.0,0.0,0.0,0.0,0.0,0.0,0.0,0.0,0.0,0.0,340.0,0.61,870.0,464.0,406.0,0.04,0.41,0.05,214.0,0.39,1166.0,586.0,580.0,0.57,0.84,0.58,0.0,0.0,0.0,0.0,0.0,0.0,0.0,0.0,0.0,0.0,0.0,0.0,0.0,0.0,0.0,0.0,0.0,0.0,0.0,0.0,0.0,0.0,0.0,0.0
Utah,867,0.02,132.0,0.15,1301.0,634.0,667.0,0.87,0.92,0.91,24.0,0.03,1122.0,571.0,551.0,0.63,0.88,0.63,95.0,0.11,1099.0,562.0,537.0,0.53,0.78,0.53,494.0,0.57,1243.0,635.0,608.0,0.81,0.97,0.81,53.0,0.06,1314.0,662.0,652.0,0.92,1.0,0.92,60.0,0.07,1172.0,598.0,574.0,0.67,0.88,0.7,391.0,0.45,1206.0,619.0,587.0,0.72,0.92,0.73,461.0,0.53,1246.0,624.0,622.0,0.81,0.93,0.82,45.0,0.05,1253.0,632.0,620.0,0.76,0.89,0.78,14.0,0.02,1040.0,514.0,526.0,0.43,0.71,0.43,73.0,0.08,1121.0,567.0,554.0,0.58,0.75,0.6,22.0,0.03,1181.0,594.0,587.0,0.68,0.86,0.68,267.0,0.31,1194.0,606.0,588.0,0.74,0.94,0.75,420.0,0.48,1286.0,652.0,634.0,0.86,0.98,0.86,71.0,0.08,1179.0,591.0,588.0,0.66,0.83,0.72,230.0,0.27,1285.0,652.0,633.0,0.88,0.98,0.9,344.0,0.4,1254.0,636.0,619.0,0.81,0.96,0.81,123.0,0.14,1202.0,613.0,590.0,0.76,0.95,0.76,170.0,0.2,1119.0,562.0,557.0,0.56,0.77,0.59,445.0,0.51,1253.0,634.0,619.0,0.82,0.95,0.83,0.0,0.0,0.0,0.0,0.0,0.0,0.0,0.0,0.0,0.0,0.0,0.0,0.0,0.0,0.0,0.0
Vermont,2857,0.49,101.0,0.04,1163.0,567.0,596.0,0.6,0.8,0.69,66.0,0.02,1009.0,526.0,483.0,0.26,0.71,0.26,115.0,0.04,1103.0,567.0,537.0,0.53,0.82,0.54,2273.0,0.8,1120.0,580.0,540.0,0.52,0.86,0.53,113.0,0.04,1098.0,572.0,527.0,0.43,0.81,0.44,175.0,0.06,1101.0,566.0,535.0,0.46,0.78,0.48,1475.0,0.52,1096.0,571.0,525.0,0.46,0.83,0.47,1326.0,0.46,1134.0,579.0,554.0,0.57,0.85,0.58,397.0,0.14,1117.0,578.0,539.0,0.52,0.88,0.52,41.0,0.01,954.0,473.0,481.0,0.17,0.46,0.24,402.0,0.14,1033.0,536.0,496.0,0.32,0.75,0.32,129.0,0.05,1048.0,538.0,510.0,0.42,0.78,0.43,953.0,0.33,1113.0,576.0,537.0,0.52,0.86,0.53,975.0,0.34,1184.0,612.0,573.0,0.65,0.93,0.66,357.0,0.12,1066.0,549.0,517.0,0.42,0.73,0.43,267.0,0.09,1133.0,584.0,550.0,0.54,0.89,0.55,142.0,0.05,1198.0,609.0,589.0,0.74,0.92,0.75,1999.0,0.7,1101.0,569.0,532.0,0.49,0.83,0.5,449.0,0.16,1140.0,593.0,547.0,0.54,0.86,0.55,437.0,0.15,1173.0,606.0,567.0,0.63,0.92,0.64,12.0,0.0,973.0,498.0,474.0,0.25,0.58,0.25,0.0,0.0,0.0,0.0,0.0,0.0,0.0,0.0
Virginia,49936,0.48,6216.0,0.12,1232.0,611.0,621.0,0.76,0.89,0.78,7867.0,0.16,980.0,503.0,478.0,0.26,0.61,0.28,8037.0,0.16,1013.0,516.0,496.0,0.35,0.65,0.36,22192.0,0.44,1155.0,593.0,561.0,0.62,0.9,0.62,3381.0,0.07,1135.0,582.0,553.0,0.55,0.85,0.56,2098.0,0.04,1136.0,578.0,558.0,0.56,0.78,0.57,25464.0,0.51,1095.0,564.0,531.0,0.48,0.8,0.49,24028.0,0.48,1128.0,570.0,558.0,0.58,0.8,0.59,3827.0,0.08,1096.0,558.0,538.0,0.5,0.76,0.51,1772.0,0.04,934.0,470.0,464.0,0.22,0.48,0.24,7309.0,0.15,1012.0,517.0,494.0,0.34,0.67,0.35,1859.0,0.04,1040.0,537.0,503.0,0.37,0.76,0.38,14509.0,0.29,1126.0,576.0,550.0,0.56,0.86,0.57,15882.0,0.32,1207.0,616.0,592.0,0.71,0.92,0.72,8605.0,0.17,1047.0,532.0,514.0,0.41,0.69,0.42,10552.0,0.21,1123.0,572.0,551.0,0.55,0.8,0.56,26227.0,0.53,1109.0,563.0,546.0,0.53,0.79,0.54,10559.0,0.21,1092.0,562.0,530.0,0.48,0.83,0.49,2598.0,0.05,1171.0,608.0,563.0,0.61,0.91,0.61,26853.0,0.54,1172.0,597.0,576.0,0.64,0.88,0.65,93.0,0.0,1029.0,524.0,505.0,0.38,0.69,0.38,52.0,0.0,1072.0,544.0,528.0,0.48,0.81,0.48
Washington,28870,0.35,4658.0,0.16,1203.0,597.0,606.0,0.69,0.83,0.71,1604.0,0.06,924.0,477.0,447.0,0.21,0.49,0.21,4582.0,0.16,951.0,489.0,462.0,0.25,0.52,0.26,12925.0,0.45,1141.0,588.0,553.0,0.59,0.86,0.6,2691.0,0.09,1114.0,573.0,542.0,0.53,0.79,0.54,1877.0,0.07,1048.0,536.0,512.0,0.43,0.64,0.44,14211.0,0.49,1079.0,558.0,521.0,0.46,0.74,0.46,14233.0,0.49,1108.0,560.0,548.0,0.55,0.75,0.57,4781.0,0.17,1060.0,545.0,516.0,0.44,0.72,0.45,1445.0,0.05,871.0,441.0,430.0,0.14,0.34,0.15,4534.0,0.16,986.0,508.0,478.0,0.29,0.61,0.3,1220.0,0.04,1030.0,532.0,498.0,0.36,0.71,0.37,8251.0,0.29,1151.0,589.0,562.0,0.62,0.87,0.63,7503.0,0.26,1240.0,631.0,608.0,0.75,0.93,0.76,5917.0,0.2,986.0,505.0,481.0,0.32,0.57,0.33,13263.0,0.46,1065.0,546.0,519.0,0.44,0.7,0.45,10372.0,0.36,1116.0,568.0,548.0,0.56,0.77,0.57,3572.0,0.12,1112.0,570.0,542.0,0.53,0.82,0.54,1663.0,0.06,1169.0,600.0,569.0,0.63,0.86,0.64,11890.0,0.41,1218.0,619.0,599.0,0.72,0.91,0.73,204.0,0.01,908.0,473.0,435.0,0.18,0.51,0.18,329.0,0.01,825.0,422.0,403.0,0.09,0.26,0.09
West,16901,0.93,130.0,0.01,1205.0,603.0,601.0,0.74,0.92,0.77,179.0,0.01,990.0,515.0,476.0,0.25,0.64,0.26,225.0,0.01,1036.0,543.0,494.0,0.34,0.74,0.36,4086.0,0.24,1069.0,557.0,512.0,0.41,0.83,0.42,239.0,0.01,1070.0,558.0,512.0,0.43,0.81,0.43,12005.0,0.71,847.0,441.0,406.0,0.07,0.35,0.08,8326.0,0.49,924.0,484.0,440.0,0.16,0.52,0.17,8543.0,0.51,897.0,464.0,433.0,0.17,0.45,0.18,1685.0,0.1,914.0,476.0,438.0,0.23,0.51,0.24,1091.0,0.06,778.0,401.0,377.0,0.02,0.19,0.03,5511.0,0.33,883.0,460.0,422.0,0.1,0.43,0.11,1007.0,0.06,946.0,493.0,452.0,0.18,0.59,0.19,3538.0,0.21,982.0,511.0,471.0,0.25,0.64,0.26,2135.0,0.13,1034.0,536.0,498.0,0.37,0.72,0.38,3619.0,0.21,841.0,438.0,402.0,0.11,0.35,0.11,2649.0,0.16,952.0,495.0,457.0,0.23,0.57,0.24,3040.0,0.18,913.0,475.0,438.0,0.18,0.49,0.18,10866.0,0.64,898.0,467.0,430.0,0.15,0.46,0.15,346.0,0.02,979.0,517.0,462.0,0.25,0.63,0.25,623.0,0.04,1059.0,547.0,512.0,0.43,0.77,0.44,36.0,0.0,982.0,513.0,469.0,0.25,0.67,0.28,0.0,0.0,0.0,0.0,0.0,0.0,0.0,0.0
Wisconsin,1219,0.02,245.0,0.2,1321.0,644.0,677.0,0.87,0.93,0.92,46.0,0.04,1139.0,583.0,556.0,0.67,0.85,0.67,154.0,0.13,1079.0,546.0,533.0,0.44,0.68,0.51,621.0,0.51,1268.0,644.0,624.0,0.86,0.97,0.86,50.0,0.04,1293.0,661.0,633.0,0.84,1.0,0.84,102.0,0.08,1140.0,570.0,570.0,0.61,0.74,0.67,644.0,0.53,1211.0,616.0,595.0,0.74,0.89,0.76,558.0,0.46,1274.0,633.0,642.0,0.83,0.92,0.86,142.0,0.12,1070.0,540.0,530.0,0.44,0.65,0.49,16.0,0.01,1056.0,515.0,541.0,0.31,0.63,0.5,97.0,0.08,1146.0,578.0,568.0,0.52,0.81,0.59,34.0,0.03,1199.0,603.0,596.0,0.82,0.97,0.82,333.0,0.27,1247.0,627.0,620.0,0.83,0.95,0.84,541.0,0.44,1306.0,658.0,648.0,0.88,0.97,0.9,198.0,0.16,1119.0,560.0,559.0,0.57,0.69,0.62,221.0,0.18,1256.0,638.0,618.0,0.82,0.95,0.84,415.0,0.34,1308.0,653.0,655.0,0.87,0.97,0.88,332.0,0.27,1245.0,628.0,617.0,0.82,0.93,0.85,251.0,0.21,1109.0,559.0,550.0,0.54,0.71,0.59,497.0,0.41,1314.0,660.0,654.0,0.89,0.98,0.9,0.0,0.0,0.0,0.0,0.0,0.0,0.0,0.0,0.0,0.0,0.0,0.0,0.0,0.0,0.0,0.0
Wyoming,80,0.01,0.0,0.0,0.0,0.0,0.0,0.0,0.0,0.0,0.0,0.0,0.0,0.0,0.0,0.0,0.0,0.0,0.0,0.0,0.0,0.0,0.0,0.0,0.0,0.0,57.0,0.71,1247.0,644.0,603.0,0.81,0.95,0.81,0.0,0.0,0.0,0.0,0.0,0.0,0.0,0.0,14.0,0.18,1266.0,649.0,617.0,0.64,1.0,0.64,34.0,0.43,1181.0,621.0,561.0,0.65,0.94,0.65,46.0,0.58,1273.0,650.0,623.0,0.83,0.96,0.83,0.0,0.0,0.0,0.0,0.0,0.0,0.0,0.0,0.0,0.0,0.0,0.0,0.0,0.0,0.0,0.0,0.0,0.0,0.0,0.0,0.0,0.0,0.0,0.0,0.0,0.0,0.0,0.0,0.0,0.0,0.0,0.0,22.0,0.28,1165.0,607.0,558.0,0.68,0.86,0.68,38.0,0.48,1282.0,657.0,624.0,0.79,0.97,0.79,13.0,0.16,1304.0,674.0,630.0,0.85,1.0,0.85,0.0,0.0,0.0,0.0,0.0,0.0,0.0,0.0,0.0,0.0,0.0,0.0,0.0,0.0,0.0,0.0,59.0,0.74,1234.0,636.0,598.0,0.76,0.95,0.76,12.0,0.15,1190.0,635.0,555.0,0.5,0.92,0.5,15.0,0.19,1255.0,633.0,621.0,0.73,0.93,0.73,0.0,0.0,0.0,0.0,0.0,0.0,0.0,0.0,0.0,0.0,0.0,0.0,0.0,0.0,0.0,0.0
